alignment,scenario,year,n_eau,mean_b,median_b,sd_b,p10_b,p90_b,total_b
current,rcp45_wet,2020,841,6073.0402950297275,4392.930150924251,5761.619648016946,684.0317600545457,14034.022768221439,5107426.888120006
current,rcp45_wet,2030,841,5565.330707142292,3982.01399417007,5298.489727408758,643.1585207702088,12704.55583535923,4680443.124706665
current,rcp45_wet,2040,841,5057.621119254855,3599.5538754970935,4852.733707181483,593.1975612757725,11634.817038344641,4253459.361293328
current,rcp45_wet,2050,841,4549.91153136742,3163.2870804565096,4410.88974425671,568.4012996676752,10677.832480169705,3826475.5978800026
current,rcp45_wet,2060,841,4610.009179027348,3236.3499071371334,4476.582561760695,574.6137661784843,10726.73618716305,3877017.719561999
current,rcp45_wet,2070,841,4670.106826687276,3265.6365431840622,4546.992636152779,576.687214683855,10847.227438977736,3927559.8412439977
current,rcp45_wet,2080,841,4730.204474347205,3309.489168269963,4624.534116150194,571.299050297326,10981.524637011678,3978101.962926004
current,rcp45_wet,2090,841,4790.302122007134,3339.863308683969,4698.798719513863,570.9630000342178,11108.915102519673,4028644.084608005
current,rcp45_wet,2100,841,4850.399769667063,3363.115905912266,4774.765443280335,570.4197819364025,11228.426812148404,4079186.206289992
current,rcp45_dry,2020,841,6073.0402950297275,4392.930150924251,5761.619648016946,684.0317600545457,14034.022768221439,5107426.888120006
current,rcp45_dry,2030,841,5304.809395101071,3753.1195657661783,5072.149906880343,622.0682783675443,12195.931718820591,4461344.701280002
current,rcp45_dry,2040,841,4536.578495172414,3170.0633482787557,4387.6808591790195,537.7431319322759,10303.593267254762,3815262.51444
current,rcp45_dry,2050,841,3768.347595243757,2555.1183139410637,3696.989049411879,462.2136004117388,8727.021675265449,3169180.3276000065
current,rcp45_dry,2060,841,3608.962321700357,2496.2683308413807,3514.235019676322,460.219408828487,8302.592468791425,3035137.3125500036
current,rcp45_dry,2070,841,3449.577048156956,2377.9405912056736,3334.8472945856406,446.523707038657,7921.490141104899,2901094.297500005
current,rcp45_dry,2080,841,3290.191774613555,2315.2553053929287,3160.735829847512,435.5956883014381,7462.657143985049,2767051.2824499956
current,rcp45_dry,2090,841,3130.806501070155,2222.1584256147326,2985.8478719314367,417.65641720945,6941.2730672100115,2633008.2674000002
current,rcp45_dry,2100,841,2971.4212275267537,2147.255360372947,2813.905599557383,405.2497990794513,6603.103850691042,2498965.2523499997
current,rcp85_wet,2020,841,6073.0402950297275,4392.930150924251,5761.619648016946,684.0317600545457,14034.022768221439,5107426.888120006
current,rcp85_wet,2030,841,6121.59842051526,4348.6018152085135,5895.822519359371,678.3245154477922,13954.676423337696,5148264.271653332
current,rcp85_wet,2040,841,6170.156546000792,4346.227971009874,6059.218272716046,684.3792701342617,14386.31008678247,5189101.655186669
current,rcp85_wet,2050,841,6218.714671486326,4303.7402585352465,6239.953912321435,669.669129404669,14734.786271960205,5229939.0387200015
current,rcp85_wet,2060,841,5856.584881272294,4060.046240113212,5846.284612482016,640.997784883476,13814.665718181246,4925387.885149992
current,rcp85_wet,2070,841,5494.455091058264,3839.7972657938685,5445.360529145185,618.9223480496665,12955.839905820343,4620836.731579999
current,rcp85_wet,2080,841,5132.325300844233,3545.8350140571392,5052.1233525291545,577.3022081422552,12110.478161036239,4316285.578009999
current,rcp85_wet,2090,841,4770.195510630202,3220.4377355819797,4663.561077338659,565.5247288918981,11159.04374669191,4011734.4244399965
current,rcp85_wet,2100,841,4408.065720416171,3009.134447657789,4277.455073522504,546.6866375044787,10191.803667187534,3707183.2708700006
current,rcp85_dry,2020,841,6073.0402950297275,4392.930150924251,5761.619648016946,684.0317600545457,14034.022768221439,5107426.888120006
current,rcp85_dry,2030,841,5015.58319810543,3619.811650682749,4758.662693748543,599.279132720413,11438.572508569501,4218105.469606667
current,rcp85_dry,2040,841,3958.126101181134,2783.6019684306484,3759.2466307168056,504.8094954179973,8960.9590882516,3328784.0510933395
current,rcp85_dry,2050,841,2900.6690042568375,2055.313782172959,2763.1944783664803,387.33559992378326,6562.579208024949,2439462.632579999
current,rcp85_dry,2060,841,2892.7470166896555,2035.36210693996,2756.601216052674,392.32999388490765,6542.461042755778,2432800.2410359997
current,rcp85_dry,2070,841,2884.8250291224726,2015.8611164208965,2746.56040018562,399.20532786650494,6495.170889149545,2426137.8494920037
current,rcp85_dry,2080,841,2876.9030415552916,1997.8965532792854,2740.0682635611715,392.3119886855834,6425.492264690366,2419475.457948003
current,rcp85_dry,2090,841,2868.9810539881096,2010.0649652101122,2735.5744026275243,396.4062346001377,6382.713886073942,2412813.0664039985
current,rcp85_dry,2100,841,2861.0590664209276,1999.8055780363009,2731.8437566752623,397.44600704983503,6356.155448554433,2406150.6748599987
current,stationary,2020,841,6073.0402950297275,4392.930150924251,5761.619648016946,684.0317600545457,14034.022768221439,5107426.888120006
current,stationary,2030,841,6073.0402950297275,4392.930150924251,5761.619648016946,684.0317600545457,14034.022768221439,5107426.888120006
current,stationary,2040,841,6073.0402950297275,4392.930150924251,5761.619648016946,684.0317600545457,14034.022768221439,5107426.888120006
current,stationary,2050,841,6073.0402950297275,4392.930150924251,5761.619648016946,684.0317600545457,14034.022768221439,5107426.888120006
current,stationary,2060,841,6073.0402950297275,4392.930150924251,5761.619648016946,684.0317600545457,14034.022768221439,5107426.888120006
current,stationary,2070,841,6073.0402950297275,4392.930150924251,5761.619648016946,684.0317600545457,14034.022768221439,5107426.888120006
current,stationary,2080,841,6073.0402950297275,4392.930150924251,5761.619648016946,684.0317600545457,14034.022768221439,5107426.888120006
current,stationary,2090,841,6073.0402950297275,4392.930150924251,5761.619648016946,684.0317600545457,14034.022768221439,5107426.888120006
current,stationary,2100,841,6073.0402950297275,4392.930150924251,5761.619648016946,684.0317600545457,14034.022768221439,5107426.888120006
midpoint,rcp45_wet,2020,841,5657.614938801571,4053.6443058554055,5372.524469487969,644.6290402446741,12965.911101944313,4758054.163532125
midpoint,rcp45_wet,2030,841,5242.242787577559,3781.2475800957573,4991.404614600146,618.9915113809317,12048.54392129715,4408726.184352728
midpoint,rcp45_wet,2040,841,4780.688616770799,3364.713122174526,4597.037916901367,581.6791120909319,11195.089466169366,4020559.126704242
midpoint,rcp45_wet,2050,841,4587.472561154875,3217.1161698479136,4451.344242750501,572.0589324392406,10643.077263364561,3858064.4239312494
midpoint,rcp45_wet,2060,841,4662.594620729786,3269.180952472283,4535.656321987883,576.5642142824538,10787.34610876618,3921242.0760337515
midpoint,rcp45_wet,2070,841,4737.716680304697,3308.3930315452412,4625.947906746902,575.4157022032797,11099.55845157757,3984419.728136245
midpoint,rcp45_wet,2080,841,4812.838739879608,3364.0408050943893,4724.461625030829,569.7564763969889,11158.62323343266,4047597.3802387514
midpoint,rcp45_wet,2090,841,4850.399769667063,3378.061349248435,4773.259782842104,569.8395819359679,11256.326000224522,4079186.206290002
midpoint,rcp45_wet,2100,841,4850.399769667063,3363.115905912266,4774.765443280335,570.4197819364025,11228.426812148404,4079186.206289992
midpoint,rcp45_dry,2020,841,5657.614938801571,4053.6443058554055,5372.524469487969,644.6290402446741,12965.911101944313,4758054.163532125
midpoint,rcp45_dry,2030,841,4815.935186055562,3366.899762690605,4617.31778420122,564.3121840652811,11045.8835114342,4050201.4914727323
midpoint,rcp45_dry,2040,841,4117.543458847692,2819.7482228149834,3999.7308391823813,487.7116102870548,9455.068874755465,3462854.04889091
midpoint,rcp45_dry,2050,841,3668.731799279132,2527.2833591110107,3582.439211409537,452.9173058237431,8470.086348546933,3085403.443193751
midpoint,rcp45_dry,2060,841,3469.5002073498813,2419.32416557653,3355.7570504596106,446.82987159743664,8019.513200608293,2917849.674381247
midpoint,rcp45_dry,2070,841,3270.2686154206303,2310.4778648980964,3133.9938934834304,429.24642275034364,7446.673846470401,2750295.90556875
midpoint,rcp45_dry,2080,841,3071.0370234913794,2188.386295290781,2919.3813878344217,415.55273789168285,6836.525818236876,2582742.136756248
midpoint,rcp45_dry,2090,841,2971.421227526754,2143.634621812129,2812.875561894787,408.31200986435294,6626.104970111219,2498965.252349996
midpoint,rcp45_dry,2100,841,2971.4212275267537,2147.255360372947,2813.905599557383,405.2497990794513,6603.103850691042,2498965.2523499997
midpoint,rcp85_wet,2020,841,5657.614938801571,4053.6443058554055,5372.524469487969,644.6290402446741,12965.911101944313,4758054.163532125
midpoint,rcp85_wet,2030,841,6152.4990458242355,4359.372202309648,5971.62053017913,681.9002258085449,14170.13907571815,5174251.697538177
midpoint,rcp85_wet,2040,841,6196.642796265629,4346.020729794146,6133.837145961889,678.4399063337275,14598.07111357565,5211376.591659394
midpoint,rcp85_wet,2050,841,5992.383552602557,4135.8414949297485,5992.286563354354,648.6846990661908,14158.006498445306,5039594.567738756
midpoint,rcp85_wet,2060,841,5539.721314835018,3874.674495991378,5500.837266361839,622.0730238959633,13105.363226120928,4658905.625776245
midpoint,rcp85_wet,2070,841,5087.059077067479,3507.258788515121,5003.9635813406485,579.0530989738013,12007.867394530718,4278216.683813752
midpoint,rcp85_wet,2080,841,4634.39683929994,3115.1333552531064,4516.402306951429,561.0077893240941,10825.036666780621,3897527.741851253
midpoint,rcp85_wet,2090,841,4408.065720416171,3003.1094333148912,4276.195661435807,546.3308031258136,10208.585208773404,3707183.2708700052
midpoint,rcp85_wet,2100,841,4408.065720416171,3009.134447657789,4277.455073522504,546.6866375044787,10191.803667187534,3707183.2708700006
midpoint,rcp85_dry,2020,841,5657.614938801571,4053.6443058554055,5372.524469487969,644.6290402446741,12965.911101944313,4758054.163532125
midpoint,rcp85_dry,2030,841,4342.65595460815,3109.449138830765,4105.397061534822,551.4642964014455,9809.671184557894,3652173.657825453
midpoint,rcp85_dry,2040,841,3381.331321040608,2383.786081147021,3203.0015759517987,446.3667965492306,7670.508453718783,2843699.6409951504
midpoint,rcp85_dry,2050,841,2895.717762027349,2048.570544417483,2758.421688462318,386.88533979062095,6548.5164395203965,2435298.637865001
midpoint,rcp85_dry,2060,841,2885.815277568371,2019.7137824232705,2750.5494194159464,389.74003140099984,6484.484695522389,2426970.648434999
midpoint,rcp85_dry,2070,841,2875.9127931093935,2019.0007965085242,2739.6613044217975,404.4717656564875,6434.614801359225,2418642.6590049993
midpoint,rcp85_dry,2080,841,2866.0103086504164,2015.555993833891,2732.738273051485,395.9952257707235,6430.661863662363,2410314.669575
midpoint,rcp85_dry,2090,841,2861.059066420927,1995.9159449187614,2730.884090622449,399.09646645406565,6368.743399859684,2406150.674859999
midpoint,rcp85_dry,2100,841,2861.0590664209276,1999.8055780363009,2731.8437566752623,397.44600704983503,6356.155448554433,2406150.6748599987
midpoint,stationary,2020,841,5657.614938801571,4053.6443058554055,5372.524469487969,644.6290402446741,12965.911101944313,4758054.163532125
midpoint,stationary,2030,841,5657.614938801571,4053.6443058554055,5372.524469487969,644.6290402446741,12965.911101944313,4758054.163532125
midpoint,stationary,2040,841,5657.614938801571,4053.6443058554055,5372.524469487969,644.6290402446741,12965.911101944313,4758054.163532125
midpoint,stationary,2050,841,5657.614938801571,4053.6443058554055,5372.524469487969,644.6290402446741,12965.911101944313,4758054.163532125
midpoint,stationary,2060,841,5657.614938801571,4053.6443058554055,5372.524469487969,644.6290402446741,12965.911101944313,4758054.163532125
midpoint,stationary,2070,841,5657.614938801571,4053.6443058554055,5372.524469487969,644.6290402446741,12965.911101944313,4758054.163532125
midpoint,stationary,2080,841,5657.614938801571,4053.6443058554055,5372.524469487969,644.6290402446741,12965.911101944313,4758054.163532125
midpoint,stationary,2090,841,5657.614938801571,4053.6443058554055,5372.524469487969,644.6290402446741,12965.911101944313,4758054.163532125
midpoint,stationary,2100,841,5657.614938801571,4053.6443058554055,5372.524469487969,644.6290402446741,12965.911101944313,4758054.163532125
