alignment,scenario,wmd_id,year,wmd_total
current,rcp45_wet,Arrowwood,2020,377952.1344999999
current,rcp45_wet,Arrowwood,2030,344932.75333333353
current,rcp45_wet,Arrowwood,2040,311913.3721666666
current,rcp45_wet,Arrowwood,2050,278893.9910000001
current,rcp45_wet,Arrowwood,2060,280323.2206
current,rcp45_wet,Arrowwood,2070,281752.4502000001
current,rcp45_wet,Arrowwood,2080,283181.67980000004
current,rcp45_wet,Arrowwood,2090,284610.90939999995
current,rcp45_wet,Arrowwood,2100,286040.139
current,rcp45_wet,Audubon,2020,470658.92409999995
current,rcp45_wet,Audubon,2030,412676.47010000004
current,rcp45_wet,Audubon,2040,354694.01610000024
current,rcp45_wet,Audubon,2050,296711.56209999986
current,rcp45_wet,Audubon,2060,298293.60621999984
current,rcp45_wet,Audubon,2070,299875.6503400001
current,rcp45_wet,Audubon,2080,301457.6944599999
current,rcp45_wet,Audubon,2090,303039.73858
current,rcp45_wet,Audubon,2100,304621.7827
current,rcp45_wet,Crosby Lostwood,2020,485444.33930000017
current,rcp45_wet,Crosby Lostwood,2030,435464.9521999999
current,rcp45_wet,Crosby Lostwood,2040,385485.5651
current,rcp45_wet,Crosby Lostwood,2050,335506.178
current,rcp45_wet,Crosby Lostwood,2060,337383.38646
current,rcp45_wet,Crosby Lostwood,2070,339260.5949200001
current,rcp45_wet,Crosby Lostwood,2080,341137.80338000006
current,rcp45_wet,Crosby Lostwood,2090,343015.0118399999
current,rcp45_wet,Crosby Lostwood,2100,344892.22029999987
current,rcp45_wet,Detroit Lakes,2020,69934.98651999999
current,rcp45_wet,Detroit Lakes,2030,68210.67077333333
current,rcp45_wet,Detroit Lakes,2040,66486.35502666667
current,rcp45_wet,Detroit Lakes,2050,64762.03927999999
current,rcp45_wet,Detroit Lakes,2060,64802.649008000015
current,rcp45_wet,Detroit Lakes,2070,64843.258735999974
current,rcp45_wet,Detroit Lakes,2080,64883.86846400001
current,rcp45_wet,Detroit Lakes,2090,64924.47819199997
current,rcp45_wet,Detroit Lakes,2100,64965.08791999999
current,rcp45_wet,Devils Lake,2020,480253.87460000004
current,rcp45_wet,Devils Lake,2030,455654.2040666667
current,rcp45_wet,Devils Lake,2040,431054.53353333345
current,rcp45_wet,Devils Lake,2050,406454.863
current,rcp45_wet,Devils Lake,2060,401335.7152600001
current,rcp45_wet,Devils Lake,2070,396216.56752
current,rcp45_wet,Devils Lake,2080,391097.41977999994
current,rcp45_wet,Devils Lake,2090,385978.27204000007
current,rcp45_wet,Devils Lake,2100,380859.1242999999
current,rcp45_wet,Fergus Falls,2020,28446.327889999997
current,rcp45_wet,Fergus Falls,2030,26942.053846666655
current,rcp45_wet,Fergus Falls,2040,25437.77980333333
current,rcp45_wet,Fergus Falls,2050,23933.505759999996
current,rcp45_wet,Fergus Falls,2060,24261.300924
current,rcp45_wet,Fergus Falls,2070,24589.096088000006
current,rcp45_wet,Fergus Falls,2080,24916.89125200001
current,rcp45_wet,Fergus Falls,2090,25244.686415999993
current,rcp45_wet,Fergus Falls,2100,25572.481580000003
current,rcp45_wet,Huron,2020,444778.8755000001
current,rcp45_wet,Huron,2030,408824.6798000002
current,rcp45_wet,Huron,2040,372870.48410000006
current,rcp45_wet,Huron,2050,336916.2884000001
current,rcp45_wet,Huron,2060,348904.34434000007
current,rcp45_wet,Huron,2070,360892.4002800001
current,rcp45_wet,Huron,2080,372880.45621999993
current,rcp45_wet,Huron,2090,384868.5121599999
current,rcp45_wet,Huron,2100,396856.5680999998
current,rcp45_wet,Iowa,2020,24762.087509999994
current,rcp45_wet,Iowa,2030,23530.83993666666
current,rcp45_wet,Iowa,2040,22299.592363333326
current,rcp45_wet,Iowa,2050,21068.344789999996
current,rcp45_wet,Iowa,2060,21230.363874
current,rcp45_wet,Iowa,2070,21392.382957999995
current,rcp45_wet,Iowa,2080,21554.40204200001
current,rcp45_wet,Iowa,2090,21716.421125999994
current,rcp45_wet,Iowa,2100,21878.440209999997
current,rcp45_wet,J. Clark Salyer,2020,430328.18189999985
current,rcp45_wet,J. Clark Salyer,2030,394234.2408000001
current,rcp45_wet,J. Clark Salyer,2040,358140.29970000003
current,rcp45_wet,J. Clark Salyer,2050,322046.35859999986
current,rcp45_wet,J. Clark Salyer,2060,320757.6288000001
current,rcp45_wet,J. Clark Salyer,2070,319468.899
current,rcp45_wet,J. Clark Salyer,2080,318180.1692000001
current,rcp45_wet,J. Clark Salyer,2090,316891.43940000003
current,rcp45_wet,J. Clark Salyer,2100,315602.70959999994
current,rcp45_wet,Kulm,2020,310941.1253999999
current,rcp45_wet,Kulm,2030,298630.51819999993
current,rcp45_wet,Kulm,2040,286319.911
current,rcp45_wet,Kulm,2050,274009.30380000005
current,rcp45_wet,Kulm,2060,278068.54752
current,rcp45_wet,Kulm,2070,282127.79124
current,rcp45_wet,Kulm,2080,286187.03495999996
current,rcp45_wet,Kulm,2090,290246.27868
current,rcp45_wet,Kulm,2100,294305.52239999996
current,rcp45_wet,Lake Andes,2020,297006.4000000001
current,rcp45_wet,Lake Andes,2030,262622.6741
current,rcp45_wet,Lake Andes,2040,228238.94820000004
current,rcp45_wet,Lake Andes,2050,193855.22230000002
current,rcp45_wet,Lake Andes,2060,197714.0439
current,rcp45_wet,Lake Andes,2070,201572.86550000004
current,rcp45_wet,Lake Andes,2080,205431.68710000004
current,rcp45_wet,Lake Andes,2090,209290.50870000006
current,rcp45_wet,Lake Andes,2100,213149.33030000003
current,rcp45_wet,Litchfield,2020,35323.88878999998
current,rcp45_wet,Litchfield,2030,33755.982379999994
current,rcp45_wet,Litchfield,2040,32188.07597
current,rcp45_wet,Litchfield,2050,30620.16955999999
current,rcp45_wet,Litchfield,2060,31091.296757999993
current,rcp45_wet,Litchfield,2070,31562.423956000002
current,rcp45_wet,Litchfield,2080,32033.551154000004
current,rcp45_wet,Litchfield,2090,32504.678351999995
current,rcp45_wet,Litchfield,2100,32975.80554999999
current,rcp45_wet,Long Lake,2020,227646.6724
current,rcp45_wet,Long Lake,2030,192371.95990000002
current,rcp45_wet,Long Lake,2040,157097.24739999993
current,rcp45_wet,Long Lake,2050,121822.53490000003
current,rcp45_wet,Long Lake,2060,123368.23966000004
current,rcp45_wet,Long Lake,2070,124913.94442000003
current,rcp45_wet,Long Lake,2080,126459.64918000001
current,rcp45_wet,Long Lake,2090,128005.35393999997
current,rcp45_wet,Long Lake,2100,129551.0587
current,rcp45_wet,Madison,2020,164211.01240000007
current,rcp45_wet,Madison,2030,153294.65873333337
current,rcp45_wet,Madison,2040,142378.30506666674
current,rcp45_wet,Madison,2050,131461.95139999996
current,rcp45_wet,Madison,2060,133286.72206000003
current,rcp45_wet,Madison,2070,135111.49272
current,rcp45_wet,Madison,2080,136936.26338
current,rcp45_wet,Madison,2090,138761.03404000003
current,rcp45_wet,Madison,2100,140585.80470000004
current,rcp45_wet,Morris,2020,47375.36669
current,rcp45_wet,Morris,2030,45520.99360000001
current,rcp45_wet,Morris,2040,43666.62051000001
current,rcp45_wet,Morris,2050,41812.247419999985
current,rcp45_wet,Morris,2060,42827.73578000002
current,rcp45_wet,Morris,2070,43843.22414000001
current,rcp45_wet,Morris,2080,44858.712500000016
current,rcp45_wet,Morris,2090,45874.200860000004
current,rcp45_wet,Morris,2100,46889.68921999999
current,rcp45_wet,Roseau,2020,26697.59802
current,rcp45_wet,Roseau,2030,26403.174903333333
current,rcp45_wet,Roseau,2040,26108.751786666668
current,rcp45_wet,Roseau,2050,25814.32867
current,rcp45_wet,Roseau,2060,25763.933417999993
current,rcp45_wet,Roseau,2070,25713.538165999988
current,rcp45_wet,Roseau,2080,25663.142913999985
current,rcp45_wet,Roseau,2090,25612.747662000005
current,rcp45_wet,Roseau,2100,25562.352409999996
current,rcp45_wet,Sand Lake,2020,625525.6247999999
current,rcp45_wet,Sand Lake,2030,579604.2887
current,rcp45_wet,Sand Lake,2040,533682.9526
current,rcp45_wet,Sand Lake,2050,487761.61649999995
current,rcp45_wet,Sand Lake,2060,507328.36192000005
current,rcp45_wet,Sand Lake,2070,526895.10734
current,rcp45_wet,Sand Lake,2080,546461.8527599999
current,rcp45_wet,Sand Lake,2090,566028.5981800001
current,rcp45_wet,Sand Lake,2100,585595.3436
current,rcp45_wet,Tewaukon,2020,163271.77619999996
current,rcp45_wet,Tewaukon,2030,145468.7849
current,rcp45_wet,Tewaukon,2040,127665.79359999995
current,rcp45_wet,Tewaukon,2050,109862.80230000001
current,rcp45_wet,Tewaukon,2060,113958.18728000003
current,rcp45_wet,Tewaukon,2070,118053.57225999999
current,rcp45_wet,Tewaukon,2080,122148.95724000003
current,rcp45_wet,Tewaukon,2090,126244.34221999999
current,rcp45_wet,Tewaukon,2100,130339.72719999996
current,rcp45_wet,Valley City,2020,155286.89729999998
current,rcp45_wet,Valley City,2030,142331.24243333336
current,rcp45_wet,Valley City,2040,129375.58756666667
current,rcp45_wet,Valley City,2050,116419.93270000002
current,rcp45_wet,Valley City,2060,117867.63118
current,rcp45_wet,Valley City,2070,119315.32966
current,rcp45_wet,Valley City,2080,120763.02813999994
current,rcp45_wet,Valley City,2090,122210.72661999999
current,rcp45_wet,Valley City,2100,123658.42510000001
current,rcp45_wet,Waubay,2020,241580.79430000007
current,rcp45_wet,Waubay,2030,229967.98200000013
current,rcp45_wet,Waubay,2040,218355.16970000006
current,rcp45_wet,Waubay,2050,206742.3574
current,rcp45_wet,Waubay,2060,208450.80459999992
current,rcp45_wet,Waubay,2070,210159.2518
current,rcp45_wet,Waubay,2080,211867.69900000005
current,rcp45_wet,Waubay,2090,213576.14620000005
current,rcp45_wet,Waubay,2100,215284.59340000007
current,rcp45_dry,Arrowwood,2020,377952.1344999999
current,rcp45_dry,Arrowwood,2030,325719.4731333333
current,rcp45_dry,Arrowwood,2040,273486.8117666666
current,rcp45_dry,Arrowwood,2050,221254.15040000007
current,rcp45_dry,Arrowwood,2060,207673.33419999998
current,rcp45_dry,Arrowwood,2070,194092.51800000004
current,rcp45_dry,Arrowwood,2080,180511.70179999995
current,rcp45_dry,Arrowwood,2090,166930.88559999998
current,rcp45_dry,Arrowwood,2100,153350.06939999995
current,rcp45_dry,Audubon,2020,470658.92409999995
current,rcp45_dry,Audubon,2030,406908.8951666667
current,rcp45_dry,Audubon,2040,343158.86623333336
current,rcp45_dry,Audubon,2050,279408.83729999996
current,rcp45_dry,Audubon,2060,260669.68143999987
current,rcp45_dry,Audubon,2070,241930.52558000007
current,rcp45_dry,Audubon,2080,223191.36972
current,rcp45_dry,Audubon,2090,204452.21386000002
current,rcp45_dry,Audubon,2100,185713.05799999993
current,rcp45_dry,Crosby Lostwood,2020,485444.33930000017
current,rcp45_dry,Crosby Lostwood,2030,421674.6477666666
current,rcp45_dry,Crosby Lostwood,2040,357904.9562333333
current,rcp45_dry,Crosby Lostwood,2050,294135.26470000006
current,rcp45_dry,Crosby Lostwood,2060,279092.77304
current,rcp45_dry,Crosby Lostwood,2070,264050.2813800001
current,rcp45_dry,Crosby Lostwood,2080,249007.78972
current,rcp45_dry,Crosby Lostwood,2090,233965.29806
current,rcp45_dry,Crosby Lostwood,2100,218922.80639999988
current,rcp45_dry,Detroit Lakes,2020,69934.98651999999
current,rcp45_dry,Detroit Lakes,2030,63977.51273000001
current,rcp45_dry,Detroit Lakes,2040,58020.03894000001
current,rcp45_dry,Detroit Lakes,2050,52062.565149999995
current,rcp45_dry,Detroit Lakes,2060,50815.60580400002
current,rcp45_dry,Detroit Lakes,2070,49568.64645799999
current,rcp45_dry,Detroit Lakes,2080,48321.68711199999
current,rcp45_dry,Detroit Lakes,2090,47074.727766
current,rcp45_dry,Detroit Lakes,2100,45827.768420000015
current,rcp45_dry,Devils Lake,2020,480253.87460000004
current,rcp45_dry,Devils Lake,2030,419106.37863333325
current,rcp45_dry,Devils Lake,2040,357958.8826666667
current,rcp45_dry,Devils Lake,2050,296811.38670000003
current,rcp45_dry,Devils Lake,2060,287259.97208000015
current,rcp45_dry,Devils Lake,2070,277708.5574599998
current,rcp45_dry,Devils Lake,2080,268157.1428400001
current,rcp45_dry,Devils Lake,2090,258605.7282199999
current,rcp45_dry,Devils Lake,2100,249054.31359999988
current,rcp45_dry,Fergus Falls,2020,28446.327889999997
current,rcp45_dry,Fergus Falls,2030,25408.054729999996
current,rcp45_dry,Fergus Falls,2040,22369.781570000003
current,rcp45_dry,Fergus Falls,2050,19331.508409999995
current,rcp45_dry,Fergus Falls,2060,19075.226472
current,rcp45_dry,Fergus Falls,2070,18818.944534000002
current,rcp45_dry,Fergus Falls,2080,18562.66259600001
current,rcp45_dry,Fergus Falls,2090,18306.380658
current,rcp45_dry,Fergus Falls,2100,18050.098720000005
current,rcp45_dry,Huron,2020,444778.8755000001
current,rcp45_dry,Huron,2030,391997.4471666668
current,rcp45_dry,Huron,2040,339216.01883333345
current,rcp45_dry,Huron,2050,286434.5904999999
current,rcp45_dry,Huron,2060,279022.7056
current,rcp45_dry,Huron,2070,271610.82070000004
current,rcp45_dry,Huron,2080,264198.9357999999
current,rcp45_dry,Huron,2090,256787.05090000003
current,rcp45_dry,Huron,2100,249375.1659999999
current,rcp45_dry,Iowa,2020,24762.087509999994
current,rcp45_dry,Iowa,2030,23219.992503333327
current,rcp45_dry,Iowa,2040,21677.897496666665
current,rcp45_dry,Iowa,2050,20135.802489999995
current,rcp45_dry,Iowa,2060,19722.301253999998
current,rcp45_dry,Iowa,2070,19308.800017999998
current,rcp45_dry,Iowa,2080,18895.298782000005
current,rcp45_dry,Iowa,2090,18481.797545999998
current,rcp45_dry,Iowa,2100,18068.29631
current,rcp45_dry,J. Clark Salyer,2020,430328.18189999985
current,rcp45_dry,J. Clark Salyer,2030,387023.4741333335
current,rcp45_dry,J. Clark Salyer,2040,343718.7663666667
current,rcp45_dry,J. Clark Salyer,2050,300414.0586
current,rcp45_dry,J. Clark Salyer,2060,290145.0074000001
current,rcp45_dry,J. Clark Salyer,2070,279875.9562
current,rcp45_dry,J. Clark Salyer,2080,269606.9049999999
current,rcp45_dry,J. Clark Salyer,2090,259337.85380000007
current,rcp45_dry,J. Clark Salyer,2100,249068.80260000005
current,rcp45_dry,Kulm,2020,310941.1253999999
current,rcp45_dry,Kulm,2030,277259.3815
current,rcp45_dry,Kulm,2040,243577.63759999996
current,rcp45_dry,Kulm,2050,209895.89370000004
current,rcp45_dry,Kulm,2060,197289.52831999998
current,rcp45_dry,Kulm,2070,184683.16293999998
current,rcp45_dry,Kulm,2080,172076.79756
current,rcp45_dry,Kulm,2090,159470.43217999997
current,rcp45_dry,Kulm,2100,146864.06679999997
current,rcp45_dry,Lake Andes,2020,297006.4000000001
current,rcp45_dry,Lake Andes,2030,249297.14316666662
current,rcp45_dry,Lake Andes,2040,201587.88633333336
current,rcp45_dry,Lake Andes,2050,153878.6295
current,rcp45_dry,Lake Andes,2060,154142.1975
current,rcp45_dry,Lake Andes,2070,154405.7655
current,rcp45_dry,Lake Andes,2080,154669.3335
current,rcp45_dry,Lake Andes,2090,154932.90150000007
current,rcp45_dry,Lake Andes,2100,155196.4694999999
current,rcp45_dry,Litchfield,2020,35323.88878999998
current,rcp45_dry,Litchfield,2030,32959.24107
current,rcp45_dry,Litchfield,2040,30594.593350000006
current,rcp45_dry,Litchfield,2050,28229.945630000002
current,rcp45_dry,Litchfield,2060,27621.625993999987
current,rcp45_dry,Litchfield,2070,27013.306358
current,rcp45_dry,Litchfield,2080,26404.986721999994
current,rcp45_dry,Litchfield,2090,25796.667085999998
current,rcp45_dry,Litchfield,2100,25188.347449999997
current,rcp45_dry,Long Lake,2020,227646.6724
current,rcp45_dry,Long Lake,2030,190188.45633333325
current,rcp45_dry,Long Lake,2040,152730.2402666666
current,rcp45_dry,Long Lake,2050,115272.0242
current,rcp45_dry,Long Lake,2060,110558.39417000003
current,rcp45_dry,Long Lake,2070,105844.76414000001
current,rcp45_dry,Long Lake,2080,101131.13411000001
current,rcp45_dry,Long Lake,2090,96417.50407999998
current,rcp45_dry,Long Lake,2100,91703.87405
current,rcp45_dry,Madison,2020,164211.01240000007
current,rcp45_dry,Madison,2030,141594.4397566667
current,rcp45_dry,Madison,2040,118977.86711333338
current,rcp45_dry,Madison,2050,96361.29446999998
current,rcp45_dry,Madison,2060,93207.724042
current,rcp45_dry,Madison,2070,90054.15361400001
current,rcp45_dry,Madison,2080,86900.58318600002
current,rcp45_dry,Madison,2090,83747.01275800003
current,rcp45_dry,Madison,2100,80593.44232999998
current,rcp45_dry,Morris,2020,47375.36669
current,rcp45_dry,Morris,2030,44282.629930000025
current,rcp45_dry,Morris,2040,41189.89317000001
current,rcp45_dry,Morris,2050,38097.15641000001
current,rcp45_dry,Morris,2060,37209.023434
current,rcp45_dry,Morris,2070,36320.890458
current,rcp45_dry,Morris,2080,35432.757482000015
current,rcp45_dry,Morris,2090,34544.62450600001
current,rcp45_dry,Morris,2100,33656.49153
current,rcp45_dry,Roseau,2020,26697.59802
current,rcp45_dry,Roseau,2030,24574.480293333334
current,rcp45_dry,Roseau,2040,22451.36256666666
current,rcp45_dry,Roseau,2050,20328.244839999996
current,rcp45_dry,Roseau,2060,19666.29306799999
current,rcp45_dry,Roseau,2070,19004.341296
current,rcp45_dry,Roseau,2080,18342.389524
current,rcp45_dry,Roseau,2090,17680.437751999998
current,rcp45_dry,Roseau,2100,17018.485979999998
current,rcp45_dry,Sand Lake,2020,625525.6247999999
current,rcp45_dry,Sand Lake,2030,555572.5988666668
current,rcp45_dry,Sand Lake,2040,485619.57293333317
current,rcp45_dry,Sand Lake,2050,415666.5469999998
current,rcp45_dry,Sand Lake,2060,393711.16808000015
current,rcp45_dry,Sand Lake,2070,371755.78916000004
current,rcp45_dry,Sand Lake,2080,349800.41024
current,rcp45_dry,Sand Lake,2090,327845.03132000007
current,rcp45_dry,Sand Lake,2100,305889.6524000001
current,rcp45_dry,Tewaukon,2020,163271.77619999996
current,rcp45_dry,Tewaukon,2030,135934.21517666668
current,rcp45_dry,Tewaukon,2040,108596.65415333335
current,rcp45_dry,Tewaukon,2050,81259.09312999998
current,rcp45_dry,Tewaukon,2060,78187.58489800003
current,rcp45_dry,Tewaukon,2070,75116.07666600002
current,rcp45_dry,Tewaukon,2080,72044.56843400002
current,rcp45_dry,Tewaukon,2090,68973.06020200001
current,rcp45_dry,Tewaukon,2100,65901.55196999999
current,rcp45_dry,Valley City,2020,155286.89729999998
current,rcp45_dry,Valley City,2030,133004.12699000005
current,rcp45_dry,Valley City,2040,110721.35668
current,rcp45_dry,Valley City,2050,88438.58636999999
current,rcp45_dry,Valley City,2060,83704.71691399999
current,rcp45_dry,Valley City,2070,78970.84745800002
current,rcp45_dry,Valley City,2080,74236.97800199999
current,rcp45_dry,Valley City,2090,69503.108546
current,rcp45_dry,Valley City,2100,64769.23908999998
current,rcp45_dry,Waubay,2020,241580.79430000007
current,rcp45_dry,Waubay,2030,211642.11223333344
current,rcp45_dry,Waubay,2040,181703.43016666666
current,rcp45_dry,Waubay,2050,151764.7481
current,rcp45_dry,Waubay,2060,146362.4488399999
current,rcp45_dry,Waubay,2070,140960.14958000006
current,rcp45_dry,Waubay,2080,135557.85032000003
current,rcp45_dry,Waubay,2090,130155.55106
current,rcp45_dry,Waubay,2100,124753.25180000004
current,rcp85_wet,Arrowwood,2020,377952.1344999999
current,rcp85_wet,Arrowwood,2030,375952.9013000002
current,rcp85_wet,Arrowwood,2040,373953.6681000001
current,rcp85_wet,Arrowwood,2050,371954.43490000005
current,rcp85_wet,Arrowwood,2060,353095.9278799999
current,rcp85_wet,Arrowwood,2070,334237.42086
current,rcp85_wet,Arrowwood,2080,315378.91383999994
current,rcp85_wet,Arrowwood,2090,296520.4068200001
current,rcp85_wet,Arrowwood,2100,277661.8998
current,rcp85_wet,Audubon,2020,470658.92409999995
current,rcp85_wet,Audubon,2030,453145.83679999993
current,rcp85_wet,Audubon,2040,435632.7495000001
current,rcp85_wet,Audubon,2050,418119.66220000014
current,rcp85_wet,Audubon,2060,391932.6015
current,rcp85_wet,Audubon,2070,365745.54079999996
current,rcp85_wet,Audubon,2080,339558.48009999975
current,rcp85_wet,Audubon,2090,313371.41939999996
current,rcp85_wet,Audubon,2100,287184.35870000004
current,rcp85_wet,Crosby Lostwood,2020,485444.33930000017
current,rcp85_wet,Crosby Lostwood,2030,485425.6083666667
current,rcp85_wet,Crosby Lostwood,2040,485406.87743333325
current,rcp85_wet,Crosby Lostwood,2050,485388.1464999998
current,rcp85_wet,Crosby Lostwood,2060,452985.3323599998
current,rcp85_wet,Crosby Lostwood,2070,420582.5182200001
current,rcp85_wet,Crosby Lostwood,2080,388179.7040800002
current,rcp85_wet,Crosby Lostwood,2090,355776.88994
current,rcp85_wet,Crosby Lostwood,2100,323374.0758
current,rcp85_wet,Detroit Lakes,2020,69934.98651999999
current,rcp85_wet,Detroit Lakes,2030,70488.7940066667
current,rcp85_wet,Detroit Lakes,2040,71042.60149333335
current,rcp85_wet,Detroit Lakes,2050,71596.40897999998
current,rcp85_wet,Detroit Lakes,2060,70065.18706
current,rcp85_wet,Detroit Lakes,2070,68533.96513999999
current,rcp85_wet,Detroit Lakes,2080,67002.74322
current,rcp85_wet,Detroit Lakes,2090,65471.52130000001
current,rcp85_wet,Detroit Lakes,2100,63940.29938000002
current,rcp85_wet,Devils Lake,2020,480253.87460000004
current,rcp85_wet,Devils Lake,2030,480211.8986999997
current,rcp85_wet,Devils Lake,2040,480169.92280000006
current,rcp85_wet,Devils Lake,2050,480127.9469000002
current,rcp85_wet,Devils Lake,2060,457585.52282000025
current,rcp85_wet,Devils Lake,2070,435043.0987399998
current,rcp85_wet,Devils Lake,2080,412500.6746600001
current,rcp85_wet,Devils Lake,2090,389958.25057999993
current,rcp85_wet,Devils Lake,2100,367415.8265000002
current,rcp85_wet,Fergus Falls,2020,28446.327889999997
current,rcp85_wet,Fergus Falls,2030,28635.677486666667
current,rcp85_wet,Fergus Falls,2040,28825.02708333333
current,rcp85_wet,Fergus Falls,2050,29014.37668
current,rcp85_wet,Fergus Falls,2060,28155.563392000004
current,rcp85_wet,Fergus Falls,2070,27296.750103999995
current,rcp85_wet,Fergus Falls,2080,26437.936816
current,rcp85_wet,Fergus Falls,2090,25579.123528
current,rcp85_wet,Fergus Falls,2100,24720.31023999999
current,rcp85_wet,Huron,2020,444778.8755000001
current,rcp85_wet,Huron,2030,459907.96640000027
current,rcp85_wet,Huron,2040,475037.0573
current,rcp85_wet,Huron,2050,490166.14820000005
current,rcp85_wet,Huron,2060,458833.5313799999
current,rcp85_wet,Huron,2070,427500.91456000006
current,rcp85_wet,Huron,2080,396168.2977400002
current,rcp85_wet,Huron,2090,364835.68092000013
current,rcp85_wet,Huron,2100,333503.0641
current,rcp85_wet,Iowa,2020,24762.087509999994
current,rcp85_wet,Iowa,2030,24633.498913333326
current,rcp85_wet,Iowa,2040,24504.91031666667
current,rcp85_wet,Iowa,2050,24376.321720000004
current,rcp85_wet,Iowa,2060,23580.671849999995
current,rcp85_wet,Iowa,2070,22785.02198000001
current,rcp85_wet,Iowa,2080,21989.37211000001
current,rcp85_wet,Iowa,2090,21193.722239999996
current,rcp85_wet,Iowa,2100,20398.07237
current,rcp85_wet,J. Clark Salyer,2020,430328.18189999985
current,rcp85_wet,J. Clark Salyer,2030,429093.1715666667
current,rcp85_wet,J. Clark Salyer,2040,427858.16123333323
current,rcp85_wet,J. Clark Salyer,2050,426623.15090000007
current,rcp85_wet,J. Clark Salyer,2060,408716.38454000006
current,rcp85_wet,J. Clark Salyer,2070,390809.61818000005
current,rcp85_wet,J. Clark Salyer,2080,372902.8518200001
current,rcp85_wet,J. Clark Salyer,2090,354996.08546
current,rcp85_wet,J. Clark Salyer,2100,337089.3191000001
current,rcp85_wet,Kulm,2020,310941.1253999999
current,rcp85_wet,Kulm,2030,334663.3556333334
current,rcp85_wet,Kulm,2040,358385.5858666667
current,rcp85_wet,Kulm,2050,382107.8161
current,rcp85_wet,Kulm,2060,354370.1046
current,rcp85_wet,Kulm,2070,326632.3930999999
current,rcp85_wet,Kulm,2080,298894.6816
current,rcp85_wet,Kulm,2090,271156.97009999986
current,rcp85_wet,Kulm,2100,243419.25860000006
current,rcp85_wet,Lake Andes,2020,297006.4000000001
current,rcp85_wet,Lake Andes,2030,282880.3807000001
current,rcp85_wet,Lake Andes,2040,268754.36139999994
current,rcp85_wet,Lake Andes,2050,254628.34210000015
current,rcp85_wet,Lake Andes,2060,238301.25911999997
current,rcp85_wet,Lake Andes,2070,221974.17613999994
current,rcp85_wet,Lake Andes,2080,205647.09316000008
current,rcp85_wet,Lake Andes,2090,189320.01017999995
current,rcp85_wet,Lake Andes,2100,172992.92719999998
current,rcp85_wet,Litchfield,2020,35323.88878999998
current,rcp85_wet,Litchfield,2030,35618.94209333334
current,rcp85_wet,Litchfield,2040,35913.99539666668
current,rcp85_wet,Litchfield,2050,36209.04869999999
current,rcp85_wet,Litchfield,2060,35073.35785199999
current,rcp85_wet,Litchfield,2070,33937.66700400001
current,rcp85_wet,Litchfield,2080,32801.97615599999
current,rcp85_wet,Litchfield,2090,31666.285308
current,rcp85_wet,Litchfield,2100,30530.594459999997
current,rcp85_wet,Long Lake,2020,227646.6724
current,rcp85_wet,Long Lake,2030,213635.41139999998
current,rcp85_wet,Long Lake,2040,199624.15039999995
current,rcp85_wet,Long Lake,2050,185612.88939999993
current,rcp85_wet,Long Lake,2060,173416.77779999998
current,rcp85_wet,Long Lake,2070,161220.6662
current,rcp85_wet,Long Lake,2080,149024.55460000006
current,rcp85_wet,Long Lake,2090,136828.44299999997
current,rcp85_wet,Long Lake,2100,124632.33140000002
current,rcp85_wet,Madison,2020,164211.01240000007
current,rcp85_wet,Madison,2030,165204.31970000002
current,rcp85_wet,Madison,2040,166197.62700000007
current,rcp85_wet,Madison,2050,167190.9343
current,rcp85_wet,Madison,2060,155515.55256
current,rcp85_wet,Madison,2070,143840.17081999997
current,rcp85_wet,Madison,2080,132164.78908000002
current,rcp85_wet,Madison,2090,120489.40734
current,rcp85_wet,Madison,2100,108814.02559999998
current,rcp85_wet,Morris,2020,47375.36669
current,rcp85_wet,Morris,2030,48854.84453333335
current,rcp85_wet,Morris,2040,50334.32237666667
current,rcp85_wet,Morris,2050,51813.80022000001
current,rcp85_wet,Morris,2060,50085.809869999975
current,rcp85_wet,Morris,2070,48357.81951999998
current,rcp85_wet,Morris,2080,46629.82917000002
current,rcp85_wet,Morris,2090,44901.83882
current,rcp85_wet,Morris,2100,43173.848469999975
current,rcp85_wet,Roseau,2020,26697.59802
current,rcp85_wet,Roseau,2030,27000.438386666676
current,rcp85_wet,Roseau,2040,27303.278753333325
current,rcp85_wet,Roseau,2050,27606.11912000001
current,rcp85_wet,Roseau,2060,27097.912506000008
current,rcp85_wet,Roseau,2070,26589.705892000005
current,rcp85_wet,Roseau,2080,26081.499278
current,rcp85_wet,Roseau,2090,25573.292664000004
current,rcp85_wet,Roseau,2100,25065.086049999994
current,rcp85_wet,Sand Lake,2020,625525.6247999999
current,rcp85_wet,Sand Lake,2030,662268.2950333332
current,rcp85_wet,Sand Lake,2040,699010.965266667
current,rcp85_wet,Sand Lake,2050,735753.6354999999
current,rcp85_wet,Sand Lake,2060,686365.1726399994
current,rcp85_wet,Sand Lake,2070,636976.7097799999
current,rcp85_wet,Sand Lake,2080,587588.2469199997
current,rcp85_wet,Sand Lake,2090,538199.7840599996
current,rcp85_wet,Sand Lake,2100,488811.3212000001
current,rcp85_wet,Tewaukon,2020,163271.77619999996
current,rcp85_wet,Tewaukon,2030,161871.15293333333
current,rcp85_wet,Tewaukon,2040,160470.5296666666
current,rcp85_wet,Tewaukon,2050,159069.90640000007
current,rcp85_wet,Tewaukon,2060,150665.50966
current,rcp85_wet,Tewaukon,2070,142261.11292
current,rcp85_wet,Tewaukon,2080,133856.71618
current,rcp85_wet,Tewaukon,2090,125452.31944
current,rcp85_wet,Tewaukon,2100,117047.92270000002
current,rcp85_wet,Valley City,2020,155286.89729999998
current,rcp85_wet,Valley City,2030,154164.50716666665
current,rcp85_wet,Valley City,2040,153042.11703333337
current,rcp85_wet,Valley City,2050,151919.7269
current,rcp85_wet,Valley City,2060,146947.12778
current,rcp85_wet,Valley City,2070,141974.52866000004
current,rcp85_wet,Valley City,2080,137001.92953999992
current,rcp85_wet,Valley City,2090,132029.33041999995
current,rcp85_wet,Valley City,2100,127056.73129999998
current,rcp85_wet,Waubay,2020,241580.79430000007
current,rcp85_wet,Waubay,2030,254607.27053333333
current,rcp85_wet,Waubay,2040,267633.7467666667
current,rcp85_wet,Waubay,2050,280660.2229999999
current,rcp85_wet,Waubay,2060,262598.57797999994
current,rcp85_wet,Waubay,2070,244536.93295999995
current,rcp85_wet,Waubay,2080,226475.28794
current,rcp85_wet,Waubay,2090,208413.64291999984
current,rcp85_wet,Waubay,2100,190351.99790000002
current,rcp85_dry,Arrowwood,2020,377952.1344999999
current,rcp85_dry,Arrowwood,2030,302184.39613333344
current,rcp85_dry,Arrowwood,2040,226416.6577666667
current,rcp85_dry,Arrowwood,2050,150648.91940000004
current,rcp85_dry,Arrowwood,2060,148641.86320000002
current,rcp85_dry,Arrowwood,2070,146634.80700000003
current,rcp85_dry,Arrowwood,2080,144627.75080000004
current,rcp85_dry,Arrowwood,2090,142620.69460000002
current,rcp85_dry,Arrowwood,2100,140613.63840000003
current,rcp85_dry,Audubon,2020,470658.92409999995
current,rcp85_dry,Audubon,2030,379153.2699333334
current,rcp85_dry,Audubon,2040,287647.6157666667
current,rcp85_dry,Audubon,2050,196141.9616
current,rcp85_dry,Audubon,2060,193469.12960000001
current,rcp85_dry,Audubon,2070,190796.29760000002
current,rcp85_dry,Audubon,2080,188123.4655999999
current,rcp85_dry,Audubon,2090,185450.63359999997
current,rcp85_dry,Audubon,2100,182777.8016
current,rcp85_dry,Crosby Lostwood,2020,485444.33930000017
current,rcp85_dry,Crosby Lostwood,2030,398940.2508333333
current,rcp85_dry,Crosby Lostwood,2040,312436.1623666665
current,rcp85_dry,Crosby Lostwood,2050,225932.07389999996
current,rcp85_dry,Crosby Lostwood,2060,225436.91592
current,rcp85_dry,Crosby Lostwood,2070,224941.75794000004
current,rcp85_dry,Crosby Lostwood,2080,224446.5999600001
current,rcp85_dry,Crosby Lostwood,2090,223951.44198000003
current,rcp85_dry,Crosby Lostwood,2100,223456.28400000004
current,rcp85_dry,Detroit Lakes,2020,69934.98651999999
current,rcp85_dry,Detroit Lakes,2030,61109.102920000034
current,rcp85_dry,Detroit Lakes,2040,52283.21932000001
current,rcp85_dry,Detroit Lakes,2050,43457.335720000025
current,rcp85_dry,Detroit Lakes,2060,42834.899089999984
current,rcp85_dry,Detroit Lakes,2070,42212.46246000001
current,rcp85_dry,Detroit Lakes,2080,41590.025830000006
current,rcp85_dry,Detroit Lakes,2090,40967.5892
current,rcp85_dry,Detroit Lakes,2100,40345.15257
current,rcp85_dry,Devils Lake,2020,480253.87460000004
current,rcp85_dry,Devils Lake,2030,403341.90393333323
current,rcp85_dry,Devils Lake,2040,326429.9332666667
current,rcp85_dry,Devils Lake,2050,249517.96260000006
current,rcp85_dry,Devils Lake,2060,245985.8863000001
current,rcp85_dry,Devils Lake,2070,242453.8099999999
current,rcp85_dry,Devils Lake,2080,238921.73369999987
current,rcp85_dry,Devils Lake,2090,235389.65739999994
current,rcp85_dry,Devils Lake,2100,231857.58110000007
current,rcp85_dry,Fergus Falls,2020,28446.327889999997
current,rcp85_dry,Fergus Falls,2030,25036.28971666667
current,rcp85_dry,Fergus Falls,2040,21626.251543333336
current,rcp85_dry,Fergus Falls,2050,18216.213369999998
current,rcp85_dry,Fergus Falls,2060,17960.543064000005
current,rcp85_dry,Fergus Falls,2070,17704.872758
current,rcp85_dry,Fergus Falls,2080,17449.202452
current,rcp85_dry,Fergus Falls,2090,17193.532146000005
current,rcp85_dry,Fergus Falls,2100,16937.86184
current,rcp85_dry,Huron,2020,444778.8755000001
current,rcp85_dry,Huron,2030,370613.04690000013
current,rcp85_dry,Huron,2040,296447.2183
current,rcp85_dry,Huron,2050,222281.38970000003
current,rcp85_dry,Huron,2060,225437.1124999999
current,rcp85_dry,Huron,2070,228592.83530000004
current,rcp85_dry,Huron,2080,231748.55810000005
current,rcp85_dry,Huron,2090,234904.2809000001
current,rcp85_dry,Huron,2100,238060.00369999994
current,rcp85_dry,Iowa,2020,24762.087509999994
current,rcp85_dry,Iowa,2030,22608.792653333338
current,rcp85_dry,Iowa,2040,20455.497796666667
current,rcp85_dry,Iowa,2050,18302.20294
current,rcp85_dry,Iowa,2060,18338.905071999998
current,rcp85_dry,Iowa,2070,18375.607204000007
current,rcp85_dry,Iowa,2080,18412.309336000006
current,rcp85_dry,Iowa,2090,18449.011467999993
current,rcp85_dry,Iowa,2100,18485.7136
current,rcp85_dry,J. Clark Salyer,2020,430328.18189999985
current,rcp85_dry,J. Clark Salyer,2030,368732.2273666667
current,rcp85_dry,J. Clark Salyer,2040,307136.2728333334
current,rcp85_dry,J. Clark Salyer,2050,245540.31830000004
current,rcp85_dry,J. Clark Salyer,2060,244266.65674000003
current,rcp85_dry,J. Clark Salyer,2070,242992.99518000003
current,rcp85_dry,J. Clark Salyer,2080,241719.33362000002
current,rcp85_dry,J. Clark Salyer,2090,240445.67205999995
current,rcp85_dry,J. Clark Salyer,2100,239172.0105000001
current,rcp85_dry,Kulm,2020,310941.1253999999
current,rcp85_dry,Kulm,2030,257746.93400000004
current,rcp85_dry,Kulm,2040,204552.74260000006
current,rcp85_dry,Kulm,2050,151358.55120000005
current,rcp85_dry,Kulm,2060,149839.58392
current,rcp85_dry,Kulm,2070,148320.61663999996
current,rcp85_dry,Kulm,2080,146801.64935999995
current,rcp85_dry,Kulm,2090,145282.68207999997
current,rcp85_dry,Kulm,2100,143763.7148
current,rcp85_dry,Lake Andes,2020,297006.4000000001
current,rcp85_dry,Lake Andes,2030,246863.0772666667
current,rcp85_dry,Lake Andes,2040,196719.75453333327
current,rcp85_dry,Lake Andes,2050,146576.43180000005
current,rcp85_dry,Lake Andes,2060,147598.18979999996
current,rcp85_dry,Lake Andes,2070,148619.9478
current,rcp85_dry,Lake Andes,2080,149641.70580000003
current,rcp85_dry,Lake Andes,2090,150663.46379999994
current,rcp85_dry,Lake Andes,2100,151685.22179999994
current,rcp85_dry,Litchfield,2020,35323.88878999998
current,rcp85_dry,Litchfield,2030,31695.257430000012
current,rcp85_dry,Litchfield,2040,28066.626070000013
current,rcp85_dry,Litchfield,2050,24437.994710000003
current,rcp85_dry,Litchfield,2060,24193.664695999996
current,rcp85_dry,Litchfield,2070,23949.334682000004
current,rcp85_dry,Litchfield,2080,23705.00466799999
current,rcp85_dry,Litchfield,2090,23460.674654
current,rcp85_dry,Litchfield,2100,23216.344639999992
current,rcp85_dry,Long Lake,2020,227646.6724
current,rcp85_dry,Long Lake,2030,181999.14574999997
current,rcp85_dry,Long Lake,2040,136351.6191
current,rcp85_dry,Long Lake,2050,90704.09245000001
current,rcp85_dry,Long Lake,2060,90939.64845200001
current,rcp85_dry,Long Lake,2070,91175.20445400002
current,rcp85_dry,Long Lake,2080,91410.76045600002
current,rcp85_dry,Long Lake,2090,91646.31645799999
current,rcp85_dry,Long Lake,2100,91881.87245999998
current,rcp85_dry,Madison,2020,164211.01240000007
current,rcp85_dry,Madison,2030,135011.68404333337
current,rcp85_dry,Madison,2040,105812.35568666668
current,rcp85_dry,Madison,2050,76613.02733000003
current,rcp85_dry,Madison,2060,75898.04968800004
current,rcp85_dry,Madison,2070,75183.072046
current,rcp85_dry,Madison,2080,74468.09440400002
current,rcp85_dry,Madison,2090,73753.11676199999
current,rcp85_dry,Madison,2100,73038.13912
current,rcp85_dry,Morris,2020,47375.36669
current,rcp85_dry,Morris,2030,43024.035726666676
current,rcp85_dry,Morris,2040,38672.70476333333
current,rcp85_dry,Morris,2050,34321.373799999994
current,rcp85_dry,Morris,2060,33962.906279999996
current,rcp85_dry,Morris,2070,33604.43875999999
current,rcp85_dry,Morris,2080,33245.971240000006
current,rcp85_dry,Morris,2090,32887.50371999999
current,rcp85_dry,Morris,2100,32529.036199999995
current,rcp85_dry,Roseau,2020,26697.59802
current,rcp85_dry,Roseau,2030,23453.966963333343
current,rcp85_dry,Roseau,2040,20210.335906666664
current,rcp85_dry,Roseau,2050,16966.704850000002
current,rcp85_dry,Roseau,2060,16857.052617999998
current,rcp85_dry,Roseau,2070,16747.400386
current,rcp85_dry,Roseau,2080,16637.748153999997
current,rcp85_dry,Roseau,2090,16528.095922
current,rcp85_dry,Roseau,2100,16418.443689999993
current,rcp85_dry,Sand Lake,2020,625525.6247999999
current,rcp85_dry,Sand Lake,2030,513113.6397333333
current,rcp85_dry,Sand Lake,2040,400701.6546666668
current,rcp85_dry,Sand Lake,2050,288289.6696
current,rcp85_dry,Sand Lake,2060,292945.4581
current,rcp85_dry,Sand Lake,2070,297601.2465999999
current,rcp85_dry,Sand Lake,2080,302257.03509999986
current,rcp85_dry,Sand Lake,2090,306912.82360000006
current,rcp85_dry,Sand Lake,2100,311568.6120999999
current,rcp85_dry,Tewaukon,2020,163271.77619999996
current,rcp85_dry,Tewaukon,2030,128723.93015333333
current,rcp85_dry,Tewaukon,2040,94176.08410666666
current,rcp85_dry,Tewaukon,2050,59628.238060000025
current,rcp85_dry,Tewaukon,2060,58696.51560199999
current,rcp85_dry,Tewaukon,2070,57764.793143999996
current,rcp85_dry,Tewaukon,2080,56833.07068599999
current,rcp85_dry,Tewaukon,2090,55901.34822799999
current,rcp85_dry,Tewaukon,2100,54969.625770000006
current,rcp85_dry,Valley City,2020,155286.89729999998
current,rcp85_dry,Valley City,2030,123141.81158333331
current,rcp85_dry,Valley City,2040,90996.72586666667
current,rcp85_dry,Valley City,2050,58851.64015
current,rcp85_dry,Valley City,2060,59558.33759400003
current,rcp85_dry,Valley City,2070,60265.035038
current,rcp85_dry,Valley City,2080,60971.732481999985
current,rcp85_dry,Valley City,2090,61678.429926
current,rcp85_dry,Valley City,2100,62385.12737
current,rcp85_dry,Waubay,2020,241580.79430000007
current,rcp85_dry,Waubay,2030,201612.7065666666
current,rcp85_dry,Waubay,2040,161644.61883333343
current,rcp85_dry,Waubay,2050,121676.53109999993
current,rcp85_dry,Waubay,2060,119938.9228
current,rcp85_dry,Waubay,2070,118201.31449999998
current,rcp85_dry,Waubay,2080,116463.70620000004
current,rcp85_dry,Waubay,2090,114726.0979
current,rcp85_dry,Waubay,2100,112988.48960000003
current,stationary,Arrowwood,2020,377952.1344999999
current,stationary,Arrowwood,2030,377952.1344999999
current,stationary,Arrowwood,2040,377952.1344999999
current,stationary,Arrowwood,2050,377952.1344999999
current,stationary,Arrowwood,2060,377952.1344999999
current,stationary,Arrowwood,2070,377952.1344999999
current,stationary,Arrowwood,2080,377952.1344999999
current,stationary,Arrowwood,2090,377952.1344999999
current,stationary,Arrowwood,2100,377952.1344999999
current,stationary,Audubon,2020,470658.92409999995
current,stationary,Audubon,2030,470658.92409999995
current,stationary,Audubon,2040,470658.92409999995
current,stationary,Audubon,2050,470658.92409999995
current,stationary,Audubon,2060,470658.92409999995
current,stationary,Audubon,2070,470658.92409999995
current,stationary,Audubon,2080,470658.92409999995
current,stationary,Audubon,2090,470658.92409999995
current,stationary,Audubon,2100,470658.92409999995
current,stationary,Crosby Lostwood,2020,485444.33930000017
current,stationary,Crosby Lostwood,2030,485444.33930000017
current,stationary,Crosby Lostwood,2040,485444.33930000017
current,stationary,Crosby Lostwood,2050,485444.33930000017
current,stationary,Crosby Lostwood,2060,485444.33930000017
current,stationary,Crosby Lostwood,2070,485444.33930000017
current,stationary,Crosby Lostwood,2080,485444.33930000017
current,stationary,Crosby Lostwood,2090,485444.33930000017
current,stationary,Crosby Lostwood,2100,485444.33930000017
current,stationary,Detroit Lakes,2020,69934.98651999999
current,stationary,Detroit Lakes,2030,69934.98651999999
current,stationary,Detroit Lakes,2040,69934.98651999999
current,stationary,Detroit Lakes,2050,69934.98651999999
current,stationary,Detroit Lakes,2060,69934.98651999999
current,stationary,Detroit Lakes,2070,69934.98651999999
current,stationary,Detroit Lakes,2080,69934.98651999999
current,stationary,Detroit Lakes,2090,69934.98651999999
current,stationary,Detroit Lakes,2100,69934.98651999999
current,stationary,Devils Lake,2020,480253.87460000004
current,stationary,Devils Lake,2030,480253.87460000004
current,stationary,Devils Lake,2040,480253.87460000004
current,stationary,Devils Lake,2050,480253.87460000004
current,stationary,Devils Lake,2060,480253.87460000004
current,stationary,Devils Lake,2070,480253.87460000004
current,stationary,Devils Lake,2080,480253.87460000004
current,stationary,Devils Lake,2090,480253.87460000004
current,stationary,Devils Lake,2100,480253.87460000004
current,stationary,Fergus Falls,2020,28446.327889999997
current,stationary,Fergus Falls,2030,28446.327889999997
current,stationary,Fergus Falls,2040,28446.327889999997
current,stationary,Fergus Falls,2050,28446.327889999997
current,stationary,Fergus Falls,2060,28446.327889999997
current,stationary,Fergus Falls,2070,28446.327889999997
current,stationary,Fergus Falls,2080,28446.327889999997
current,stationary,Fergus Falls,2090,28446.327889999997
current,stationary,Fergus Falls,2100,28446.327889999997
current,stationary,Huron,2020,444778.8755000001
current,stationary,Huron,2030,444778.8755000001
current,stationary,Huron,2040,444778.8755000001
current,stationary,Huron,2050,444778.8755000001
current,stationary,Huron,2060,444778.8755000001
current,stationary,Huron,2070,444778.8755000001
current,stationary,Huron,2080,444778.8755000001
current,stationary,Huron,2090,444778.8755000001
current,stationary,Huron,2100,444778.8755000001
current,stationary,Iowa,2020,24762.087509999994
current,stationary,Iowa,2030,24762.087509999994
current,stationary,Iowa,2040,24762.087509999994
current,stationary,Iowa,2050,24762.087509999994
current,stationary,Iowa,2060,24762.087509999994
current,stationary,Iowa,2070,24762.087509999994
current,stationary,Iowa,2080,24762.087509999994
current,stationary,Iowa,2090,24762.087509999994
current,stationary,Iowa,2100,24762.087509999994
current,stationary,J. Clark Salyer,2020,430328.18189999985
current,stationary,J. Clark Salyer,2030,430328.18189999985
current,stationary,J. Clark Salyer,2040,430328.18189999985
current,stationary,J. Clark Salyer,2050,430328.18189999985
current,stationary,J. Clark Salyer,2060,430328.18189999985
current,stationary,J. Clark Salyer,2070,430328.18189999985
current,stationary,J. Clark Salyer,2080,430328.18189999985
current,stationary,J. Clark Salyer,2090,430328.18189999985
current,stationary,J. Clark Salyer,2100,430328.18189999985
current,stationary,Kulm,2020,310941.1253999999
current,stationary,Kulm,2030,310941.1253999999
current,stationary,Kulm,2040,310941.1253999999
current,stationary,Kulm,2050,310941.1253999999
current,stationary,Kulm,2060,310941.1253999999
current,stationary,Kulm,2070,310941.1253999999
current,stationary,Kulm,2080,310941.1253999999
current,stationary,Kulm,2090,310941.1253999999
current,stationary,Kulm,2100,310941.1253999999
current,stationary,Lake Andes,2020,297006.4000000001
current,stationary,Lake Andes,2030,297006.4000000001
current,stationary,Lake Andes,2040,297006.4000000001
current,stationary,Lake Andes,2050,297006.4000000001
current,stationary,Lake Andes,2060,297006.4000000001
current,stationary,Lake Andes,2070,297006.4000000001
current,stationary,Lake Andes,2080,297006.4000000001
current,stationary,Lake Andes,2090,297006.4000000001
current,stationary,Lake Andes,2100,297006.4000000001
current,stationary,Litchfield,2020,35323.88878999998
current,stationary,Litchfield,2030,35323.88878999998
current,stationary,Litchfield,2040,35323.88878999998
current,stationary,Litchfield,2050,35323.88878999998
current,stationary,Litchfield,2060,35323.88878999998
current,stationary,Litchfield,2070,35323.88878999998
current,stationary,Litchfield,2080,35323.88878999998
current,stationary,Litchfield,2090,35323.88878999998
current,stationary,Litchfield,2100,35323.88878999998
current,stationary,Long Lake,2020,227646.6724
current,stationary,Long Lake,2030,227646.6724
current,stationary,Long Lake,2040,227646.6724
current,stationary,Long Lake,2050,227646.6724
current,stationary,Long Lake,2060,227646.6724
current,stationary,Long Lake,2070,227646.6724
current,stationary,Long Lake,2080,227646.6724
current,stationary,Long Lake,2090,227646.6724
current,stationary,Long Lake,2100,227646.6724
current,stationary,Madison,2020,164211.01240000007
current,stationary,Madison,2030,164211.01240000007
current,stationary,Madison,2040,164211.01240000007
current,stationary,Madison,2050,164211.01240000007
current,stationary,Madison,2060,164211.01240000007
current,stationary,Madison,2070,164211.01240000007
current,stationary,Madison,2080,164211.01240000007
current,stationary,Madison,2090,164211.01240000007
current,stationary,Madison,2100,164211.01240000007
current,stationary,Morris,2020,47375.36669
current,stationary,Morris,2030,47375.36669
current,stationary,Morris,2040,47375.36669
current,stationary,Morris,2050,47375.36669
current,stationary,Morris,2060,47375.36669
current,stationary,Morris,2070,47375.36669
current,stationary,Morris,2080,47375.36669
current,stationary,Morris,2090,47375.36669
current,stationary,Morris,2100,47375.36669
current,stationary,Roseau,2020,26697.59802
current,stationary,Roseau,2030,26697.59802
current,stationary,Roseau,2040,26697.59802
current,stationary,Roseau,2050,26697.59802
current,stationary,Roseau,2060,26697.59802
current,stationary,Roseau,2070,26697.59802
current,stationary,Roseau,2080,26697.59802
current,stationary,Roseau,2090,26697.59802
current,stationary,Roseau,2100,26697.59802
current,stationary,Sand Lake,2020,625525.6247999999
current,stationary,Sand Lake,2030,625525.6247999999
current,stationary,Sand Lake,2040,625525.6247999999
current,stationary,Sand Lake,2050,625525.6247999999
current,stationary,Sand Lake,2060,625525.6247999999
current,stationary,Sand Lake,2070,625525.6247999999
current,stationary,Sand Lake,2080,625525.6247999999
current,stationary,Sand Lake,2090,625525.6247999999
current,stationary,Sand Lake,2100,625525.6247999999
current,stationary,Tewaukon,2020,163271.77619999996
current,stationary,Tewaukon,2030,163271.77619999996
current,stationary,Tewaukon,2040,163271.77619999996
current,stationary,Tewaukon,2050,163271.77619999996
current,stationary,Tewaukon,2060,163271.77619999996
current,stationary,Tewaukon,2070,163271.77619999996
current,stationary,Tewaukon,2080,163271.77619999996
current,stationary,Tewaukon,2090,163271.77619999996
current,stationary,Tewaukon,2100,163271.77619999996
current,stationary,Valley City,2020,155286.89729999998
current,stationary,Valley City,2030,155286.89729999998
current,stationary,Valley City,2040,155286.89729999998
current,stationary,Valley City,2050,155286.89729999998
current,stationary,Valley City,2060,155286.89729999998
current,stationary,Valley City,2070,155286.89729999998
current,stationary,Valley City,2080,155286.89729999998
current,stationary,Valley City,2090,155286.89729999998
current,stationary,Valley City,2100,155286.89729999998
current,stationary,Waubay,2020,241580.79430000007
current,stationary,Waubay,2030,241580.79430000007
current,stationary,Waubay,2040,241580.79430000007
current,stationary,Waubay,2050,241580.79430000007
current,stationary,Waubay,2060,241580.79430000007
current,stationary,Waubay,2070,241580.79430000007
current,stationary,Waubay,2080,241580.79430000007
current,stationary,Waubay,2090,241580.79430000007
current,stationary,Waubay,2100,241580.79430000007
midpoint,rcp45_wet,Arrowwood,2020,348312.31375454535
midpoint,rcp45_wet,Arrowwood,2030,323920.4198636364
midpoint,rcp45_wet,Arrowwood,2040,293902.80062121194
midpoint,rcp45_wet,Arrowwood,2050,279787.2595
midpoint,rcp45_wet,Arrowwood,2060,281573.79649999994
midpoint,rcp45_wet,Arrowwood,2070,283360.33350000007
midpoint,rcp45_wet,Arrowwood,2080,285146.87049999996
midpoint,rcp45_wet,Arrowwood,2090,286040.13899999997
midpoint,rcp45_wet,Arrowwood,2100,286040.139
midpoint,rcp45_wet,Audubon,2020,428704.1560272728
midpoint,rcp45_wet,Audubon,2030,375778.54482727277
midpoint,rcp45_wet,Audubon,2040,323067.22300909087
midpoint,rcp45_wet,Audubon,2050,297700.33967500005
midpoint,rcp45_wet,Audubon,2060,299677.89482499985
midpoint,rcp45_wet,Audubon,2070,301655.44997500005
midpoint,rcp45_wet,Audubon,2080,303633.00512499997
midpoint,rcp45_wet,Audubon,2090,304621.7827
midpoint,rcp45_wet,Audubon,2100,304621.7827
midpoint,rcp45_wet,Crosby Lostwood,2020,449031.26693030307
midpoint,rcp45_wet,Crosby Lostwood,2030,403659.88768181816
midpoint,rcp45_wet,Crosby Lostwood,2040,358224.08122727263
midpoint,rcp45_wet,Crosby Lostwood,2050,336679.43328749994
midpoint,rcp45_wet,Crosby Lostwood,2060,339025.94386249996
midpoint,rcp45_wet,Crosby Lostwood,2070,341372.45443749987
midpoint,rcp45_wet,Crosby Lostwood,2080,343718.9650125
midpoint,rcp45_wet,Crosby Lostwood,2090,344892.22029999987
midpoint,rcp45_wet,Crosby Lostwood,2100,344892.22029999987
midpoint,rcp45_wet,Detroit Lakes,2020,67034.28367454546
midpoint,rcp45_wet,Detroit Lakes,2030,67113.3789345455
midpoint,rcp45_wet,Detroit Lakes,2040,65545.81916484848
midpoint,rcp45_wet,Detroit Lakes,2050,64787.42036
midpoint,rcp45_wet,Detroit Lakes,2060,64838.18252
midpoint,rcp45_wet,Detroit Lakes,2070,64888.944679999986
midpoint,rcp45_wet,Detroit Lakes,2080,64939.706840000006
midpoint,rcp45_wet,Detroit Lakes,2090,64965.08791999999
midpoint,rcp45_wet,Detroit Lakes,2100,64965.08791999999
midpoint,rcp45_wet,Devils Lake,2020,450671.85404242435
midpoint,rcp45_wet,Devils Lake,2030,439999.86827272753
midpoint,rcp45_wet,Devils Lake,2040,417636.5314242423
midpoint,rcp45_wet,Devils Lake,2050,403255.39566250006
midpoint,rcp45_wet,Devils Lake,2060,396856.46098750026
midpoint,rcp45_wet,Devils Lake,2070,390457.5263124999
midpoint,rcp45_wet,Devils Lake,2080,384058.59163750015
midpoint,rcp45_wet,Devils Lake,2090,380859.12430000014
midpoint,rcp45_wet,Devils Lake,2100,380859.1242999999
midpoint,rcp45_wet,Fergus Falls,2020,27034.83047545454
midpoint,rcp45_wet,Fergus Falls,2030,25984.788546363634
midpoint,rcp45_wet,Fergus Falls,2040,24617.266688787877
midpoint,rcp45_wet,Fergus Falls,2050,24138.377737499995
midpoint,rcp45_wet,Fergus Falls,2060,24548.121692499997
midpoint,rcp45_wet,Fergus Falls,2070,24957.865647500013
midpoint,rcp45_wet,Fergus Falls,2080,25367.609602500008
midpoint,rcp45_wet,Fergus Falls,2090,25572.481579999992
midpoint,rcp45_wet,Fergus Falls,2100,25572.481580000003
midpoint,rcp45_wet,Huron,2020,417911.1733666666
midpoint,rcp45_wet,Huron,2030,385944.7370818184
midpoint,rcp45_wet,Huron,2040,353259.10462727275
midpoint,rcp45_wet,Huron,2050,344408.82336249994
midpoint,rcp45_wet,Huron,2060,359393.89328749996
midpoint,rcp45_wet,Huron,2070,374378.9632124998
midpoint,rcp45_wet,Huron,2080,389364.03313749976
midpoint,rcp45_wet,Huron,2090,396856.56810000003
midpoint,rcp45_wet,Huron,2100,396856.5680999998
midpoint,rcp45_wet,Iowa,2020,23842.95550393939
midpoint,rcp45_wet,Iowa,2030,22747.318753636355
midpoint,rcp45_wet,Iowa,2040,21628.002777878784
midpoint,rcp45_wet,Iowa,2050,21169.6067175
midpoint,rcp45_wet,Iowa,2060,21372.1305725
midpoint,rcp45_wet,Iowa,2070,21574.6544275
midpoint,rcp45_wet,Iowa,2080,21777.178282500005
midpoint,rcp45_wet,Iowa,2090,21878.440209999993
midpoint,rcp45_wet,Iowa,2100,21878.440209999997
midpoint,rcp45_wet,J. Clark Salyer,2020,404468.25213030283
midpoint,rcp45_wet,J. Clark Salyer,2030,371265.36919090914
midpoint,rcp45_wet,J. Clark Salyer,2040,338452.6954636363
midpoint,rcp45_wet,J. Clark Salyer,2050,321240.9024749999
midpoint,rcp45_wet,J. Clark Salyer,2060,319629.990225
midpoint,rcp45_wet,J. Clark Salyer,2070,318019.0779750001
midpoint,rcp45_wet,J. Clark Salyer,2080,316408.16572499997
midpoint,rcp45_wet,J. Clark Salyer,2090,315602.7096000001
midpoint,rcp45_wet,J. Clark Salyer,2100,315602.70959999994
midpoint,rcp45_wet,Kulm,2020,297220.34135151515
midpoint,rcp45_wet,Kulm,2030,290796.4954363636
midpoint,rcp45_wet,Kulm,2040,279605.03434545454
midpoint,rcp45_wet,Kulm,2050,276546.3311250001
midpoint,rcp45_wet,Kulm,2060,281620.38577500003
midpoint,rcp45_wet,Kulm,2070,286694.44042500004
midpoint,rcp45_wet,Kulm,2080,291768.495075
midpoint,rcp45_wet,Kulm,2090,294305.5223999999
midpoint,rcp45_wet,Kulm,2100,294305.52239999996
midpoint,rcp45_wet,Lake Andes,2020,270395.06822424236
midpoint,rcp45_wet,Lake Andes,2030,240742.1212545455
midpoint,rcp45_wet,Lake Andes,2040,209484.1886181819
midpoint,rcp45_wet,Lake Andes,2050,196266.9858
midpoint,rcp45_wet,Lake Andes,2060,201090.5128
midpoint,rcp45_wet,Lake Andes,2070,205914.03979999997
midpoint,rcp45_wet,Lake Andes,2080,210737.56679999997
midpoint,rcp45_wet,Lake Andes,2090,213149.3303000001
midpoint,rcp45_wet,Lake Andes,2100,213149.33030000003
midpoint,rcp45_wet,Litchfield,2020,34002.773846969685
midpoint,rcp45_wet,Litchfield,2030,32758.22375545454
midpoint,rcp45_wet,Litchfield,2040,31332.854291818185
midpoint,rcp45_wet,Litchfield,2050,30914.62405875
midpoint,rcp45_wet,Litchfield,2060,31503.53305625
midpoint,rcp45_wet,Litchfield,2070,32092.44205375
midpoint,rcp45_wet,Litchfield,2080,32681.351051250003
midpoint,rcp45_wet,Litchfield,2090,32975.80555
midpoint,rcp45_wet,Litchfield,2100,32975.80554999999
midpoint,rcp45_wet,Long Lake,2020,203575.45126969702
midpoint,rcp45_wet,Long Lake,2030,169924.4155818182
midpoint,rcp45_wet,Long Lake,2040,137856.4951272727
midpoint,rcp45_wet,Long Lake,2050,122788.600375
midpoint,rcp45_wet,Long Lake,2060,124720.73132499997
midpoint,rcp45_wet,Long Lake,2070,126652.86227499998
midpoint,rcp45_wet,Long Lake,2080,128584.99322500003
midpoint,rcp45_wet,Long Lake,2090,129551.05869999997
midpoint,rcp45_wet,Long Lake,2100,129551.0587
midpoint,rcp45_wet,Madison,2020,152985.74924242427
midpoint,rcp45_wet,Madison,2030,146347.8882181819
midpoint,rcp45_wet,Madison,2040,136423.93033939393
midpoint,rcp45_wet,Madison,2050,132602.43306250003
midpoint,rcp45_wet,Madison,2060,134883.39638750002
midpoint,rcp45_wet,Madison,2070,137164.3597125
midpoint,rcp45_wet,Madison,2080,139445.32303750006
midpoint,rcp45_wet,Madison,2090,140585.80470000004
midpoint,rcp45_wet,Madison,2100,140585.80470000004
midpoint,rcp45_wet,Morris,2020,45953.73705909091
midpoint,rcp45_wet,Morris,2030,44340.937997272755
midpoint,rcp45_wet,Morris,2040,42655.14427909092
midpoint,rcp45_wet,Morris,2050,42446.92764499999
midpoint,rcp45_wet,Morris,2060,43716.28809500001
midpoint,rcp45_wet,Morris,2070,44985.648545000004
midpoint,rcp45_wet,Morris,2080,46255.008995000004
midpoint,rcp45_wet,Morris,2090,46889.68922000001
midpoint,rcp45_wet,Morris,2100,46889.68921999999
midpoint,rcp45_wet,Roseau,2020,25723.35592303031
midpoint,rcp45_wet,Roseau,2030,26215.814738181823
midpoint,rcp45_wet,Roseau,2040,25948.15735939394
midpoint,rcp45_wet,Roseau,2050,25782.831637499992
midpoint,rcp45_wet,Roseau,2060,25719.837572499997
midpoint,rcp45_wet,Roseau,2070,25656.843507499994
midpoint,rcp45_wet,Roseau,2080,25593.849442499995
midpoint,rcp45_wet,Roseau,2090,25562.352409999992
midpoint,rcp45_wet,Roseau,2100,25562.352409999996
midpoint,rcp45_wet,Sand Lake,2020,590699.5017333335
midpoint,rcp45_wet,Sand Lake,2030,550381.6202727275
midpoint,rcp45_wet,Sand Lake,2040,508634.9510909089
midpoint,rcp45_wet,Sand Lake,2050,499990.83238750004
midpoint,rcp45_wet,Sand Lake,2060,524449.2641625
midpoint,rcp45_wet,Sand Lake,2070,548907.6959375
midpoint,rcp45_wet,Sand Lake,2080,573366.1277124999
midpoint,rcp45_wet,Sand Lake,2090,585595.3436000003
midpoint,rcp45_wet,Sand Lake,2100,585595.3436
midpoint,rcp45_wet,Tewaukon,2020,148528.3177206061
midpoint,rcp45_wet,Tewaukon,2030,134139.60861818178
midpoint,rcp45_wet,Tewaukon,2040,117955.07107272724
midpoint,rcp45_wet,Tewaukon,2050,112422.41791249996
midpoint,rcp45_wet,Tewaukon,2060,117541.64913749999
midpoint,rcp45_wet,Tewaukon,2070,122660.8803625
midpoint,rcp45_wet,Tewaukon,2080,127780.11158750004
midpoint,rcp45_wet,Tewaukon,2090,130339.72720000004
midpoint,rcp45_wet,Tewaukon,2100,130339.72719999996
midpoint,rcp45_wet,Valley City,2020,142831.27893151515
midpoint,rcp45_wet,Valley City,2030,134086.7347909092
midpoint,rcp45_wet,Valley City,2040,122308.86673030305
midpoint,rcp45_wet,Valley City,2050,117324.74424999999
midpoint,rcp45_wet,Valley City,2060,119134.36735000001
midpoint,rcp45_wet,Valley City,2070,120943.99045
midpoint,rcp45_wet,Valley City,2080,122753.61355000001
midpoint,rcp45_wet,Valley City,2090,123658.4251
midpoint,rcp45_wet,Valley City,2100,123658.42510000001
midpoint,rcp45_wet,Waubay,2020,229127.50232424246
midpoint,rcp45_wet,Waubay,2030,222578.0105363637
midpoint,rcp45_wet,Waubay,2040,212020.9084454546
midpoint,rcp45_wet,Waubay,2050,207810.13689999998
midpoint,rcp45_wet,Waubay,2060,209945.69590000002
midpoint,rcp45_wet,Waubay,2070,212081.25490000003
midpoint,rcp45_wet,Waubay,2080,214216.81390000007
midpoint,rcp45_wet,Waubay,2090,215284.5934
midpoint,rcp45_wet,Waubay,2100,215284.59340000007
midpoint,rcp45_dry,Arrowwood,2020,348312.31375454535
midpoint,rcp45_dry,Arrowwood,2030,292480.506809091
midpoint,rcp45_dry,Arrowwood,2040,244996.26920303027
midpoint,rcp45_dry,Arrowwood,2050,212766.14027499998
midpoint,rcp45_dry,Arrowwood,2060,195790.12002499998
midpoint,rcp45_dry,Arrowwood,2070,178814.09977500004
midpoint,rcp45_dry,Arrowwood,2080,161838.079525
midpoint,rcp45_dry,Arrowwood,2090,153350.06939999992
midpoint,rcp45_dry,Arrowwood,2100,153350.06939999995
midpoint,rcp45_dry,Audubon,2020,428704.1560272728
midpoint,rcp45_dry,Audubon,2030,366340.6949363637
midpoint,rcp45_dry,Audubon,2040,308386.12317878794
midpoint,rcp45_dry,Audubon,2050,267696.8648875
midpoint,rcp45_dry,Audubon,2060,244272.9200625
midpoint,rcp45_dry,Audubon,2070,220848.97523750007
midpoint,rcp45_dry,Audubon,2080,197425.03041249997
midpoint,rcp45_dry,Audubon,2090,185713.058
midpoint,rcp45_dry,Audubon,2100,185713.05799999993
midpoint,rcp45_dry,Crosby Lostwood,2020,449031.26693030307
midpoint,rcp45_dry,Crosby Lostwood,2030,381093.93497272715
midpoint,rcp45_dry,Crosby Lostwood,2040,323121.4881242424
midpoint,rcp45_dry,Crosby Lostwood,2050,284733.70741249993
midpoint,rcp45_dry,Crosby Lostwood,2060,265930.59283750004
midpoint,rcp45_dry,Crosby Lostwood,2070,247127.47826249996
midpoint,rcp45_dry,Crosby Lostwood,2080,228324.36368750004
midpoint,rcp45_dry,Crosby Lostwood,2090,218922.80639999997
midpoint,rcp45_dry,Crosby Lostwood,2100,218922.80639999988
midpoint,rcp45_dry,Detroit Lakes,2020,67034.28367454546
midpoint,rcp45_dry,Detroit Lakes,2030,60186.39304545457
midpoint,rcp45_dry,Detroit Lakes,2040,54770.5077818182
midpoint,rcp45_dry,Detroit Lakes,2050,51283.21555874999
midpoint,rcp45_dry,Detroit Lakes,2060,49724.51637625002
midpoint,rcp45_dry,Detroit Lakes,2070,48165.817193749994
midpoint,rcp45_dry,Detroit Lakes,2080,46607.11801125001
midpoint,rcp45_dry,Detroit Lakes,2090,45827.768419999986
midpoint,rcp45_dry,Detroit Lakes,2100,45827.768420000015
midpoint,rcp45_dry,Devils Lake,2020,450671.85404242435
midpoint,rcp45_dry,Devils Lake,2030,380194.33574545453
midpoint,rcp45_dry,Devils Lake,2040,324605.7030484848
midpoint,rcp45_dry,Devils Lake,2050,290841.7525624999
midpoint,rcp45_dry,Devils Lake,2060,278902.48428750015
midpoint,rcp45_dry,Devils Lake,2070,266963.21601249994
midpoint,rcp45_dry,Devils Lake,2080,255023.9477375
midpoint,rcp45_dry,Devils Lake,2090,249054.31359999994
midpoint,rcp45_dry,Devils Lake,2100,249054.31359999988
midpoint,rcp45_dry,Fergus Falls,2020,27034.83047545454
midpoint,rcp45_dry,Fergus Falls,2030,23474.608173636356
midpoint,rcp45_dry,Fergus Falls,2040,20712.541664545446
midpoint,rcp45_dry,Fergus Falls,2050,19171.33219875
midpoint,rcp45_dry,Fergus Falls,2060,18850.979776250002
midpoint,rcp45_dry,Fergus Falls,2070,18530.627353750006
midpoint,rcp45_dry,Fergus Falls,2080,18210.27493125
midpoint,rcp45_dry,Fergus Falls,2090,18050.098719999995
midpoint,rcp45_dry,Fergus Falls,2100,18050.098720000005
midpoint,rcp45_dry,Huron,2020,417911.1733666666
midpoint,rcp45_dry,Huron,2030,358409.2655000001
midpoint,rcp45_dry,Huron,2040,310426.1488333334
midpoint,rcp45_dry,Huron,2050,281802.1624374999
midpoint,rcp45_dry,Huron,2060,272537.30631250003
midpoint,rcp45_dry,Huron,2070,263272.4501875
midpoint,rcp45_dry,Huron,2080,254007.59406249993
midpoint,rcp45_dry,Huron,2090,249375.166
midpoint,rcp45_dry,Huron,2100,249375.1659999999
midpoint,rcp45_dry,Iowa,2020,23842.95550393939
midpoint,rcp45_dry,Iowa,2030,22238.659317272723
midpoint,rcp45_dry,Iowa,2040,20836.75476575757
midpoint,rcp45_dry,Iowa,2050,19877.364217500002
midpoint,rcp45_dry,Iowa,2060,19360.487672499992
midpoint,rcp45_dry,Iowa,2070,18843.611127499997
midpoint,rcp45_dry,Iowa,2080,18326.734582500005
midpoint,rcp45_dry,Iowa,2090,18068.296309999998
midpoint,rcp45_dry,Iowa,2100,18068.29631
midpoint,rcp45_dry,J. Clark Salyer,2020,404468.25213030283
midpoint,rcp45_dry,J. Clark Salyer,2030,359465.93282727286
midpoint,rcp45_dry,J. Clark Salyer,2040,320098.01667575765
midpoint,rcp45_dry,J. Clark Salyer,2050,293995.90159999987
midpoint,rcp45_dry,J. Clark Salyer,2060,281159.58759999997
midpoint,rcp45_dry,J. Clark Salyer,2070,268323.2736000001
midpoint,rcp45_dry,J. Clark Salyer,2080,255486.95960000006
midpoint,rcp45_dry,J. Clark Salyer,2090,249068.80260000005
midpoint,rcp45_dry,J. Clark Salyer,2100,249068.80260000005
midpoint,rcp45_dry,Kulm,2020,297220.34135151515
midpoint,rcp45_dry,Kulm,2030,255825.54447272728
midpoint,rcp45_dry,Kulm,2040,225205.77729090911
midpoint,rcp45_dry,Kulm,2050,202016.9153375
midpoint,rcp45_dry,Kulm,2060,186258.95861250002
midpoint,rcp45_dry,Kulm,2070,170501.00188750002
midpoint,rcp45_dry,Kulm,2080,154743.0451625
midpoint,rcp45_dry,Kulm,2090,146864.0668
midpoint,rcp45_dry,Kulm,2100,146864.06679999997
midpoint,rcp45_dry,Lake Andes,2020,270395.06822424236
midpoint,rcp45_dry,Lake Andes,2030,218936.70700000005
midpoint,rcp45_dry,Lake Andes,2040,175564.6553333333
midpoint,rcp45_dry,Lake Andes,2050,154043.35950000002
midpoint,rcp45_dry,Lake Andes,2060,154372.81950000007
midpoint,rcp45_dry,Lake Andes,2070,154702.2795
midpoint,rcp45_dry,Lake Andes,2080,155031.7394999999
midpoint,rcp45_dry,Lake Andes,2090,155196.46950000006
midpoint,rcp45_dry,Lake Andes,2100,155196.4694999999
midpoint,rcp45_dry,Litchfield,2020,34002.773846969685
midpoint,rcp45_dry,Litchfield,2030,31454.465248181816
midpoint,rcp45_dry,Litchfield,2040,29304.785502727274
midpoint,rcp45_dry,Litchfield,2050,27849.745857499995
midpoint,rcp45_dry,Litchfield,2060,27089.3463125
midpoint,rcp45_dry,Litchfield,2070,26328.946767499998
midpoint,rcp45_dry,Litchfield,2080,25568.5472225
midpoint,rcp45_dry,Litchfield,2090,25188.347450000005
midpoint,rcp45_dry,Litchfield,2100,25188.347449999997
midpoint,rcp45_dry,Long Lake,2020,203575.45126969702
midpoint,rcp45_dry,Long Lake,2030,166351.4097454546
midpoint,rcp45_dry,Long Lake,2040,132298.4860484848
midpoint,rcp45_dry,Long Lake,2050,112326.00543125001
midpoint,rcp45_dry,Long Lake,2060,106433.96789375003
midpoint,rcp45_dry,Long Lake,2070,100541.93035624998
midpoint,rcp45_dry,Long Lake,2080,94649.89281875
midpoint,rcp45_dry,Long Lake,2090,91703.87404999998
midpoint,rcp45_dry,Long Lake,2100,91703.87405
midpoint,rcp45_dry,Madison,2020,152985.74924242427
midpoint,rcp45_dry,Madison,2030,127202.07534727277
midpoint,rcp45_dry,Madison,2040,106641.55476242426
midpoint,rcp45_dry,Madison,2050,94390.31295249997
midpoint,rcp45_dry,Madison,2060,90448.3499175
midpoint,rcp45_dry,Madison,2070,86506.38688250007
midpoint,rcp45_dry,Madison,2080,82564.4238475
midpoint,rcp45_dry,Madison,2090,80593.44233000003
midpoint,rcp45_dry,Madison,2100,80593.44232999998
midpoint,rcp45_dry,Morris,2020,45953.73705909091
midpoint,rcp45_dry,Morris,2030,42314.52471909093
midpoint,rcp45_dry,Morris,2040,39502.945846363655
midpoint,rcp45_dry,Morris,2050,37542.073300000004
midpoint,rcp45_dry,Morris,2060,36431.90708000002
midpoint,rcp45_dry,Morris,2070,35321.74085999999
midpoint,rcp45_dry,Morris,2080,34211.574640000006
midpoint,rcp45_dry,Morris,2090,33656.49153000001
midpoint,rcp45_dry,Morris,2100,33656.49153
midpoint,rcp45_dry,Roseau,2020,25723.35592303031
midpoint,rcp45_dry,Roseau,2030,23223.405376363637
midpoint,rcp45_dry,Roseau,2040,21293.298352121208
midpoint,rcp45_dry,Roseau,2050,19914.524982499992
midpoint,rcp45_dry,Roseau,2060,19087.0852675
midpoint,rcp45_dry,Roseau,2070,18259.6455525
midpoint,rcp45_dry,Roseau,2080,17432.205837499994
midpoint,rcp45_dry,Roseau,2090,17018.48598
midpoint,rcp45_dry,Roseau,2100,17018.485979999998
midpoint,rcp45_dry,Sand Lake,2020,590699.5017333335
midpoint,rcp45_dry,Sand Lake,2030,511057.03690909094
midpoint,rcp45_dry,Sand Lake,2040,447463.3769696969
midpoint,rcp45_dry,Sand Lake,2050,401944.43517499993
midpoint,rcp45_dry,Sand Lake,2060,374500.2115250001
midpoint,rcp45_dry,Sand Lake,2070,347055.987875
midpoint,rcp45_dry,Sand Lake,2080,319611.76422499993
midpoint,rcp45_dry,Sand Lake,2090,305889.65240000014
midpoint,rcp45_dry,Sand Lake,2100,305889.6524000001
midpoint,rcp45_dry,Tewaukon,2020,148528.3177206061
midpoint,rcp45_dry,Tewaukon,2030,118537.58543454544
midpoint,rcp45_dry,Tewaukon,2040,93685.25723151515
midpoint,rcp45_dry,Tewaukon,2050,79339.40048499998
midpoint,rcp45_dry,Tewaukon,2060,75500.01519500001
midpoint,rcp45_dry,Tewaukon,2070,71660.629905
midpoint,rcp45_dry,Tewaukon,2080,67821.24461500003
midpoint,rcp45_dry,Tewaukon,2090,65901.55197000001
midpoint,rcp45_dry,Tewaukon,2100,65901.55196999999
midpoint,rcp45_dry,Valley City,2020,142831.27893151515
midpoint,rcp45_dry,Valley City,2030,118824.18224727275
midpoint,rcp45_dry,Valley City,2040,98567.11832909092
midpoint,rcp45_dry,Valley City,2050,85479.91795999998
midpoint,rcp45_dry,Valley City,2060,79562.58114
midpoint,rcp45_dry,Valley City,2070,73645.24432000001
midpoint,rcp45_dry,Valley City,2080,67727.90749999999
midpoint,rcp45_dry,Valley City,2090,64769.23908999999
midpoint,rcp45_dry,Valley City,2100,64769.23908999998
midpoint,rcp45_dry,Waubay,2020,229127.50232424246
midpoint,rcp45_dry,Waubay,2030,192590.22364545468
midpoint,rcp45_dry,Waubay,2040,165373.23994848484
midpoint,rcp45_dry,Waubay,2050,148388.31106249997
midpoint,rcp45_dry,Waubay,2060,141635.43698749997
midpoint,rcp45_dry,Waubay,2070,134882.56291249997
midpoint,rcp45_dry,Waubay,2080,128129.68883750003
midpoint,rcp45_dry,Waubay,2090,124753.2518
midpoint,rcp45_dry,Waubay,2100,124753.25180000004
midpoint,rcp85_wet,Arrowwood,2020,348312.31375454535
midpoint,rcp85_wet,Arrowwood,2030,374680.66199090914
midpoint,rcp85_wet,Arrowwood,2040,372863.1772636365
midpoint,rcp85_wet,Arrowwood,2050,360167.8680125001
midpoint,rcp85_wet,Arrowwood,2060,336594.73423749994
midpoint,rcp85_wet,Arrowwood,2070,313021.6004625
midpoint,rcp85_wet,Arrowwood,2080,289448.4666875
midpoint,rcp85_wet,Arrowwood,2090,277661.89980000013
midpoint,rcp85_wet,Arrowwood,2100,277661.8998
midpoint,rcp85_wet,Audubon,2020,428704.1560272728
midpoint,rcp85_wet,Audubon,2030,442001.1448818181
midpoint,rcp85_wet,Audubon,2040,426080.1564272727
midpoint,rcp85_wet,Audubon,2050,401752.7492625001
midpoint,rcp85_wet,Audubon,2060,369018.9233875
midpoint,rcp85_wet,Audubon,2070,336285.0975125001
midpoint,rcp85_wet,Audubon,2080,303551.27163749986
midpoint,rcp85_wet,Audubon,2090,287184.35869999987
midpoint,rcp85_wet,Audubon,2100,287184.35870000004
midpoint,rcp85_wet,Crosby Lostwood,2020,449031.26693030307
midpoint,rcp85_wet,Crosby Lostwood,2030,485413.68868181796
midpoint,rcp85_wet,Crosby Lostwood,2040,485396.6605606061
midpoint,rcp85_wet,Crosby Lostwood,2050,465136.38766249985
midpoint,rcp85_wet,Crosby Lostwood,2060,424632.8699874999
midpoint,rcp85_wet,Crosby Lostwood,2070,384129.3523124998
midpoint,rcp85_wet,Crosby Lostwood,2080,343625.8346375002
midpoint,rcp85_wet,Crosby Lostwood,2090,323374.07580000005
midpoint,rcp85_wet,Crosby Lostwood,2100,323374.0758
midpoint,rcp85_wet,Detroit Lakes,2020,67034.28367454546
midpoint,rcp85_wet,Detroit Lakes,2030,70841.21695272732
midpoint,rcp85_wet,Detroit Lakes,2040,71344.67830424245
midpoint,rcp85_wet,Detroit Lakes,2050,70639.39527999998
midpoint,rcp85_wet,Detroit Lakes,2060,68725.36787999998
midpoint,rcp85_wet,Detroit Lakes,2070,66811.34047999998
midpoint,rcp85_wet,Detroit Lakes,2080,64897.31307999999
midpoint,rcp85_wet,Detroit Lakes,2090,63940.29938000001
midpoint,rcp85_wet,Detroit Lakes,2100,63940.29938000002
midpoint,rcp85_wet,Devils Lake,2020,450671.85404242435
midpoint,rcp85_wet,Devils Lake,2030,480185.1867636362
midpoint,rcp85_wet,Devils Lake,2040,480147.0268545454
midpoint,rcp85_wet,Devils Lake,2050,466038.93185
midpoint,rcp85_wet,Devils Lake,2060,437860.90175000025
midpoint,rcp85_wet,Devils Lake,2070,409682.87164999987
midpoint,rcp85_wet,Devils Lake,2080,381504.84155000007
midpoint,rcp85_wet,Devils Lake,2090,367415.8265000001
midpoint,rcp85_wet,Devils Lake,2100,367415.8265000002
midpoint,rcp85_wet,Fergus Falls,2020,27034.83047545454
midpoint,rcp85_wet,Fergus Falls,2030,28756.17268454546
midpoint,rcp85_wet,Fergus Falls,2040,28928.308681515144
midpoint,rcp85_wet,Fergus Falls,2050,28477.618375
midpoint,rcp85_wet,Fergus Falls,2060,27404.101765000007
midpoint,rcp85_wet,Fergus Falls,2070,26330.58515499999
midpoint,rcp85_wet,Fergus Falls,2080,25257.068545000002
midpoint,rcp85_wet,Fergus Falls,2090,24720.31024
midpoint,rcp85_wet,Fergus Falls,2100,24720.31023999999
midpoint,rcp85_wet,Huron,2020,417911.1733666666
midpoint,rcp85_wet,Huron,2030,469535.5697000002
midpoint,rcp85_wet,Huron,2040,483289.2886999999
midpoint,rcp85_wet,Huron,2050,470583.26268749987
midpoint,rcp85_wet,Huron,2060,431417.49166250014
midpoint,rcp85_wet,Huron,2070,392251.7206375
midpoint,rcp85_wet,Huron,2080,353085.9496125001
midpoint,rcp85_wet,Huron,2090,333503.0641000001
midpoint,rcp85_wet,Huron,2100,333503.0641
midpoint,rcp85_wet,Iowa,2020,23842.95550393939
midpoint,rcp85_wet,Iowa,2030,24551.669806363632
midpoint,rcp85_wet,Iowa,2040,24434.77108212121
midpoint,rcp85_wet,Iowa,2050,23879.040551249996
midpoint,rcp85_wet,Iowa,2060,22884.47821375
midpoint,rcp85_wet,Iowa,2070,21889.915876250005
midpoint,rcp85_wet,Iowa,2080,20895.353538750012
midpoint,rcp85_wet,Iowa,2090,20398.072369999994
midpoint,rcp85_wet,Iowa,2100,20398.07237
midpoint,rcp85_wet,J. Clark Salyer,2020,404468.25213030283
midpoint,rcp85_wet,J. Clark Salyer,2030,428307.2559
midpoint,rcp85_wet,J. Clark Salyer,2040,427184.5192333333
midpoint,rcp85_wet,J. Clark Salyer,2050,415431.421925
midpoint,rcp85_wet,J. Clark Salyer,2060,393047.96397499996
midpoint,rcp85_wet,J. Clark Salyer,2070,370664.5060250001
midpoint,rcp85_wet,J. Clark Salyer,2080,348281.048075
midpoint,rcp85_wet,J. Clark Salyer,2090,337089.3191
midpoint,rcp85_wet,J. Clark Salyer,2100,337089.3191000001
midpoint,rcp85_wet,Kulm,2020,297220.34135151515
midpoint,rcp85_wet,Kulm,2030,349759.32032727276
midpoint,rcp85_wet,Kulm,2040,371324.98417575756
midpoint,rcp85_wet,Kulm,2050,364771.7464125001
midpoint,rcp85_wet,Kulm,2060,330099.60703750007
midpoint,rcp85_wet,Kulm,2070,295427.4676624999
midpoint,rcp85_wet,Kulm,2080,260755.32828750004
midpoint,rcp85_wet,Kulm,2090,243419.2585999999
midpoint,rcp85_wet,Kulm,2100,243419.25860000006
midpoint,rcp85_wet,Lake Andes,2020,270395.06822424236
midpoint,rcp85_wet,Lake Andes,2030,273891.0956909092
midpoint,rcp85_wet,Lake Andes,2040,261049.25996363626
midpoint,rcp85_wet,Lake Andes,2050,244423.9152375001
midpoint,rcp85_wet,Lake Andes,2060,224015.0615125
midpoint,rcp85_wet,Lake Andes,2070,203606.2077874999
midpoint,rcp85_wet,Lake Andes,2080,183197.3540625001
midpoint,rcp85_wet,Lake Andes,2090,172992.9272
midpoint,rcp85_wet,Lake Andes,2100,172992.92719999998
midpoint,rcp85_wet,Litchfield,2020,34002.773846969685
midpoint,rcp85_wet,Litchfield,2030,35806.70328636364
midpoint,rcp85_wet,Litchfield,2040,36074.933562121216
midpoint,rcp85_wet,Litchfield,2050,35499.24191999999
midpoint,rcp85_wet,Litchfield,2060,34079.628359999995
midpoint,rcp85_wet,Litchfield,2070,32660.014800000004
midpoint,rcp85_wet,Litchfield,2080,31240.401239999985
midpoint,rcp85_wet,Litchfield,2090,30530.594459999997
midpoint,rcp85_wet,Litchfield,2100,30530.594459999997
midpoint,rcp85_wet,Long Lake,2020,203575.45126969702
midpoint,rcp85_wet,Long Lake,2030,204719.15439999994
midpoint,rcp85_wet,Long Lake,2040,191981.64439999996
midpoint,rcp85_wet,Long Lake,2050,177990.31965000002
midpoint,rcp85_wet,Long Lake,2060,162745.18014999994
midpoint,rcp85_wet,Long Lake,2070,147500.04064999998
midpoint,rcp85_wet,Long Lake,2080,132254.90115
midpoint,rcp85_wet,Long Lake,2090,124632.33139999997
midpoint,rcp85_wet,Long Lake,2100,124632.33140000002
midpoint,rcp85_wet,Madison,2020,152985.74924242427
midpoint,rcp85_wet,Madison,2030,165836.42434545467
midpoint,rcp85_wet,Madison,2040,166739.43098181827
midpoint,rcp85_wet,Madison,2050,159893.82071250005
midpoint,rcp85_wet,Madison,2060,145299.5935375
midpoint,rcp85_wet,Madison,2070,130705.36636249995
midpoint,rcp85_wet,Madison,2080,116111.13918750001
midpoint,rcp85_wet,Madison,2090,108814.02559999995
midpoint,rcp85_wet,Madison,2100,108814.02559999998
midpoint,rcp85_wet,Morris,2020,45953.73705909091
midpoint,rcp85_wet,Morris,2030,49796.330433636394
midpoint,rcp85_wet,Morris,2040,51141.31029121212
midpoint,rcp85_wet,Morris,2050,50733.80625125
midpoint,rcp85_wet,Morris,2060,48573.818313749995
midpoint,rcp85_wet,Morris,2070,46413.83037624999
midpoint,rcp85_wet,Morris,2080,44253.84243875001
midpoint,rcp85_wet,Morris,2090,43173.848470000004
midpoint,rcp85_wet,Morris,2100,43173.848469999975
midpoint,rcp85_wet,Roseau,2020,25723.35592303031
midpoint,rcp85_wet,Roseau,2030,27193.154983636377
midpoint,rcp85_wet,Roseau,2040,27468.46440787878
midpoint,rcp85_wet,Roseau,2050,27288.489986250006
midpoint,rcp85_wet,Roseau,2060,26653.231718749998
midpoint,rcp85_wet,Roseau,2070,26017.973451250004
midpoint,rcp85_wet,Roseau,2080,25382.715183750006
midpoint,rcp85_wet,Roseau,2090,25065.08605
midpoint,rcp85_wet,Roseau,2100,25065.086049999994
midpoint,rcp85_wet,Sand Lake,2020,590699.5017333335
midpoint,rcp85_wet,Sand Lake,2030,685649.9942727276
midpoint,rcp85_wet,Sand Lake,2040,719052.4217575756
midpoint,rcp85_wet,Sand Lake,2050,704885.8462125001
midpoint,rcp85_wet,Sand Lake,2060,643150.2676374996
midpoint,rcp85_wet,Sand Lake,2070,581414.6890624997
midpoint,rcp85_wet,Sand Lake,2080,519679.1104874999
midpoint,rcp85_wet,Sand Lake,2090,488811.3212
midpoint,rcp85_wet,Sand Lake,2100,488811.3212000001
midpoint,rcp85_wet,Tewaukon,2020,148528.3177206061
midpoint,rcp85_wet,Tewaukon,2030,160979.84721818185
midpoint,rcp85_wet,Tewaukon,2040,159706.5533393939
midpoint,rcp85_wet,Tewaukon,2050,153817.15843750007
midpoint,rcp85_wet,Tewaukon,2060,143311.6625125
midpoint,rcp85_wet,Tewaukon,2070,132806.16658749996
midpoint,rcp85_wet,Tewaukon,2080,122300.67066249995
midpoint,rcp85_wet,Tewaukon,2090,117047.92270000002
midpoint,rcp85_wet,Tewaukon,2100,117047.92270000002
midpoint,rcp85_wet,Valley City,2020,142831.27893151515
midpoint,rcp85_wet,Valley City,2030,153450.25890000002
midpoint,rcp85_wet,Valley City,2040,152429.9042333333
midpoint,rcp85_wet,Valley City,2050,148811.85245000003
midpoint,rcp85_wet,Valley City,2060,142596.10355
midpoint,rcp85_wet,Valley City,2070,136380.35465000005
midpoint,rcp85_wet,Valley City,2080,130164.60574999996
midpoint,rcp85_wet,Valley City,2090,127056.73129999994
midpoint,rcp85_wet,Valley City,2100,127056.73129999998
midpoint,rcp85_wet,Waubay,2020,229127.50232424246
midpoint,rcp85_wet,Waubay,2030,262896.84631818184
midpoint,rcp85_wet,Waubay,2040,274739.097439394
midpoint,rcp85_wet,Waubay,2050,269371.69486249983
midpoint,rcp85_wet,Waubay,2060,246794.6385875
midpoint,rcp85_wet,Waubay,2070,224217.5823125
midpoint,rcp85_wet,Waubay,2080,201640.5260375
midpoint,rcp85_wet,Waubay,2090,190351.99789999996
midpoint,rcp85_wet,Waubay,2100,190351.99790000002
midpoint,rcp85_dry,Arrowwood,2020,348312.31375454535
midpoint,rcp85_dry,Arrowwood,2030,253968.5626272728
midpoint,rcp85_dry,Arrowwood,2040,185088.8004757576
midpoint,rcp85_dry,Arrowwood,2050,149394.50927500008
midpoint,rcp85_dry,Arrowwood,2060,146885.68902499997
midpoint,rcp85_dry,Arrowwood,2070,144376.86877500004
midpoint,rcp85_dry,Arrowwood,2080,141868.04852499996
midpoint,rcp85_dry,Arrowwood,2090,140613.63840000003
midpoint,rcp85_dry,Arrowwood,2100,140613.63840000003
midpoint,rcp85_dry,Audubon,2020,428704.1560272728
midpoint,rcp85_dry,Audubon,2030,320922.39909999986
midpoint,rcp85_dry,Audubon,2040,237735.44076666667
midpoint,rcp85_dry,Audubon,2050,194471.44160000005
midpoint,rcp85_dry,Audubon,2060,191130.40160000004
midpoint,rcp85_dry,Audubon,2070,187789.36159999995
midpoint,rcp85_dry,Audubon,2080,184448.3215999999
midpoint,rcp85_dry,Audubon,2090,182777.80159999998
midpoint,rcp85_dry,Audubon,2100,182777.8016
midpoint,rcp85_dry,Crosby Lostwood,2020,449031.26693030307
midpoint,rcp85_dry,Crosby Lostwood,2030,343892.1945363636
midpoint,rcp85_dry,Crosby Lostwood,2040,265252.11411212117
midpoint,rcp85_dry,Crosby Lostwood,2050,225622.60016249993
midpoint,rcp85_dry,Crosby Lostwood,2060,225003.6526874999
midpoint,rcp85_dry,Crosby Lostwood,2070,224384.70521249998
midpoint,rcp85_dry,Crosby Lostwood,2080,223765.75773750007
midpoint,rcp85_dry,Crosby Lostwood,2090,223456.28399999999
midpoint,rcp85_dry,Crosby Lostwood,2100,223456.28400000004
midpoint,rcp85_dry,Detroit Lakes,2020,67034.28367454546
midpoint,rcp85_dry,Detroit Lakes,2030,55492.63153818184
midpoint,rcp85_dry,Detroit Lakes,2040,47469.10099272728
midpoint,rcp85_dry,Detroit Lakes,2050,43068.31282625
midpoint,rcp85_dry,Detroit Lakes,2060,42290.26703874998
midpoint,rcp85_dry,Detroit Lakes,2070,41512.22125125001
midpoint,rcp85_dry,Detroit Lakes,2080,40734.17546375
midpoint,rcp85_dry,Detroit Lakes,2090,40345.15257000001
midpoint,rcp85_dry,Detroit Lakes,2100,40345.15257
midpoint,rcp85_dry,Devils Lake,2020,450671.85404242435
midpoint,rcp85_dry,Devils Lake,2030,354397.9225999999
midpoint,rcp85_dry,Devils Lake,2040,284477.9492666666
midpoint,rcp85_dry,Devils Lake,2050,247310.4149125001
midpoint,rcp85_dry,Devils Lake,2060,242895.3195375001
midpoint,rcp85_dry,Devils Lake,2070,238480.22416249994
midpoint,rcp85_dry,Devils Lake,2080,234065.12878750003
midpoint,rcp85_dry,Devils Lake,2090,231857.58110000007
midpoint,rcp85_dry,Devils Lake,2100,231857.58110000007
midpoint,rcp85_dry,Fergus Falls,2020,27034.83047545454
midpoint,rcp85_dry,Fergus Falls,2030,22866.265424545458
midpoint,rcp85_dry,Fergus Falls,2040,19766.230721515152
midpoint,rcp85_dry,Fergus Falls,2050,18056.41942875
midpoint,rcp85_dry,Fergus Falls,2060,17736.831546250007
midpoint,rcp85_dry,Fergus Falls,2070,17417.243663749996
midpoint,rcp85_dry,Fergus Falls,2080,17097.655781250003
midpoint,rcp85_dry,Fergus Falls,2090,16937.86184
midpoint,rcp85_dry,Fergus Falls,2100,16937.86184
midpoint,rcp85_dry,Huron,2020,417911.1733666666
midpoint,rcp85_dry,Huron,2030,323416.6105181819
midpoint,rcp85_dry,Huron,2040,255993.1299727273
midpoint,rcp85_dry,Huron,2050,224253.71645
midpoint,rcp85_dry,Huron,2060,228198.36995000002
midpoint,rcp85_dry,Huron,2070,232143.02345
midpoint,rcp85_dry,Huron,2080,236087.67695000008
midpoint,rcp85_dry,Huron,2090,238060.0037000001
midpoint,rcp85_dry,Huron,2100,238060.00369999994
midpoint,rcp85_dry,Iowa,2020,23842.95550393939
midpoint,rcp85_dry,Iowa,2030,21238.51410818182
midpoint,rcp85_dry,Iowa,2040,19280.973329393935
midpoint,rcp85_dry,Iowa,2050,18325.1417725
midpoint,rcp85_dry,Iowa,2060,18371.0194375
midpoint,rcp85_dry,Iowa,2070,18416.897102500006
midpoint,rcp85_dry,Iowa,2080,18462.77476750001
midpoint,rcp85_dry,Iowa,2090,18485.713599999992
midpoint,rcp85_dry,Iowa,2100,18485.7136
midpoint,rcp85_dry,J. Clark Salyer,2020,404468.25213030283
midpoint,rcp85_dry,J. Clark Salyer,2030,329534.8017545454
midpoint,rcp85_dry,J. Clark Salyer,2040,273538.47945151513
midpoint,rcp85_dry,J. Clark Salyer,2050,244744.2798250001
midpoint,rcp85_dry,J. Clark Salyer,2060,243152.20287499993
midpoint,rcp85_dry,J. Clark Salyer,2070,241560.12592500012
midpoint,rcp85_dry,J. Clark Salyer,2080,239968.04897500004
midpoint,rcp85_dry,J. Clark Salyer,2090,239172.01049999997
midpoint,rcp85_dry,J. Clark Salyer,2100,239172.0105000001
midpoint,rcp85_dry,Kulm,2020,297220.34135151515
midpoint,rcp85_dry,Kulm,2030,223896.08492727275
midpoint,rcp85_dry,Kulm,2040,175537.72910909096
midpoint,rcp85_dry,Kulm,2050,150409.19665000003
midpoint,rcp85_dry,Kulm,2060,148510.48755000002
midpoint,rcp85_dry,Kulm,2070,146611.77845
midpoint,rcp85_dry,Kulm,2080,144713.06935
midpoint,rcp85_dry,Kulm,2090,143763.71479999993
midpoint,rcp85_dry,Kulm,2100,143763.7148
midpoint,rcp85_dry,Lake Andes,2020,270395.06822424236
midpoint,rcp85_dry,Lake Andes,2030,214953.69007272733
midpoint,rcp85_dry,Lake Andes,2040,169368.8512242424
midpoint,rcp85_dry,Lake Andes,2050,147215.03055000002
midpoint,rcp85_dry,Lake Andes,2060,148492.22805
midpoint,rcp85_dry,Lake Andes,2070,149769.42554999999
midpoint,rcp85_dry,Lake Andes,2080,151046.62305000002
midpoint,rcp85_dry,Lake Andes,2090,151685.2217999999
midpoint,rcp85_dry,Lake Andes,2100,151685.22179999994
midpoint,rcp85_dry,Litchfield,2020,34002.773846969685
midpoint,rcp85_dry,Litchfield,2030,29386.128382727275
midpoint,rcp85_dry,Litchfield,2040,26087.372600909093
midpoint,rcp85_dry,Litchfield,2050,24285.288451250002
midpoint,rcp85_dry,Litchfield,2060,23979.87593374999
midpoint,rcp85_dry,Litchfield,2070,23674.463416249997
midpoint,rcp85_dry,Litchfield,2080,23369.05089875
midpoint,rcp85_dry,Litchfield,2090,23216.34464
midpoint,rcp85_dry,Litchfield,2100,23216.344639999992
midpoint,rcp85_dry,Long Lake,2020,203575.45126969702
midpoint,rcp85_dry,Long Lake,2030,152950.71970000002
midpoint,rcp85_dry,Long Lake,2040,111452.96819999997
midpoint,rcp85_dry,Long Lake,2050,90851.31495125002
midpoint,rcp85_dry,Long Lake,2060,91145.75995374999
midpoint,rcp85_dry,Long Lake,2070,91440.20495625002
midpoint,rcp85_dry,Long Lake,2080,91734.64995875
midpoint,rcp85_dry,Long Lake,2090,91881.87246000001
midpoint,rcp85_dry,Long Lake,2100,91881.87245999998
midpoint,rcp85_dry,Madison,2020,152985.74924242427
midpoint,rcp85_dry,Madison,2030,116430.29327090914
midpoint,rcp85_dry,Madison,2040,89885.44931030304
midpoint,rcp85_dry,Madison,2050,76166.16630375005
midpoint,rcp85_dry,Madison,2060,75272.44425125001
midpoint,rcp85_dry,Madison,2070,74378.72219874998
midpoint,rcp85_dry,Madison,2080,73485.00014625001
midpoint,rcp85_dry,Madison,2090,73038.13911999998
midpoint,rcp85_dry,Madison,2100,73038.13912
midpoint,rcp85_dry,Morris,2020,45953.73705909091
midpoint,rcp85_dry,Morris,2030,40255.0069318182
midpoint,rcp85_dry,Morris,2040,36299.25151060605
midpoint,rcp85_dry,Morris,2050,34097.3316
midpoint,rcp85_dry,Morris,2060,33649.24719999998
midpoint,rcp85_dry,Morris,2070,33201.1628
midpoint,rcp85_dry,Morris,2080,32753.07840000001
midpoint,rcp85_dry,Morris,2090,32529.0362
midpoint,rcp85_dry,Morris,2100,32529.036199999995
midpoint,rcp85_dry,Roseau,2020,25723.35592303031
midpoint,rcp85_dry,Roseau,2030,21389.838109090913
midpoint,rcp85_dry,Roseau,2040,18441.082603030296
midpoint,rcp85_dry,Roseau,2050,16898.172205000003
midpoint,rcp85_dry,Roseau,2060,16761.106915
midpoint,rcp85_dry,Roseau,2070,16624.041625
midpoint,rcp85_dry,Roseau,2080,16486.976335
midpoint,rcp85_dry,Roseau,2090,16418.44369
midpoint,rcp85_dry,Roseau,2100,16418.443689999993
midpoint,rcp85_dry,Sand Lake,2020,590699.5017333335
midpoint,rcp85_dry,Sand Lake,2030,441578.74014545465
midpoint,rcp85_dry,Sand Lake,2040,339386.02644848503
midpoint,rcp85_dry,Sand Lake,2050,291199.5374124999
midpoint,rcp85_dry,Sand Lake,2060,297019.2730374999
midpoint,rcp85_dry,Sand Lake,2070,302839.0086624998
midpoint,rcp85_dry,Sand Lake,2080,308658.74428749987
midpoint,rcp85_dry,Sand Lake,2090,311568.6121
midpoint,rcp85_dry,Sand Lake,2100,311568.6120999999
midpoint,rcp85_dry,Tewaukon,2020,148528.3177206061
midpoint,rcp85_dry,Tewaukon,2030,106738.93721454545
midpoint,rcp85_dry,Tewaukon,2040,75331.80444484847
midpoint,rcp85_dry,Tewaukon,2050,59045.911523750015
midpoint,rcp85_dry,Tewaukon,2060,57881.25845124999
midpoint,rcp85_dry,Tewaukon,2070,56716.60537875
midpoint,rcp85_dry,Tewaukon,2080,55551.95230625001
midpoint,rcp85_dry,Tewaukon,2090,54969.62576999999
midpoint,rcp85_dry,Tewaukon,2100,54969.625770000006
midpoint,rcp85_dry,Valley City,2020,142831.27893151515
midpoint,rcp85_dry,Valley City,2030,102685.84794545454
midpoint,rcp85_dry,Valley City,2040,73463.04274848485
midpoint,rcp85_dry,Valley City,2050,59293.326052499986
midpoint,rcp85_dry,Valley City,2060,60176.69785750003
midpoint,rcp85_dry,Valley City,2070,61060.06966250001
midpoint,rcp85_dry,Valley City,2080,61943.44146749999
midpoint,rcp85_dry,Valley City,2090,62385.127369999995
midpoint,rcp85_dry,Valley City,2100,62385.12737
midpoint,rcp85_dry,Waubay,2020,229127.50232424246
midpoint,rcp85_dry,Waubay,2030,176178.4689181818
midpoint,rcp85_dry,Waubay,2040,139843.8437060607
midpoint,rcp85_dry,Waubay,2050,120590.52591249996
midpoint,rcp85_dry,Waubay,2060,118418.5155375
midpoint,rcp85_dry,Waubay,2070,116246.50516249995
midpoint,rcp85_dry,Waubay,2080,114074.49478750005
midpoint,rcp85_dry,Waubay,2090,112988.48959999997
midpoint,rcp85_dry,Waubay,2100,112988.48960000003
midpoint,stationary,Arrowwood,2020,348312.31375454535
midpoint,stationary,Arrowwood,2030,348312.31375454535
midpoint,stationary,Arrowwood,2040,348312.31375454535
midpoint,stationary,Arrowwood,2050,348312.31375454535
midpoint,stationary,Arrowwood,2060,348312.31375454535
midpoint,stationary,Arrowwood,2070,348312.31375454535
midpoint,stationary,Arrowwood,2080,348312.31375454535
midpoint,stationary,Arrowwood,2090,348312.31375454535
midpoint,stationary,Arrowwood,2100,348312.31375454535
midpoint,stationary,Audubon,2020,428704.1560272728
midpoint,stationary,Audubon,2030,428704.1560272728
midpoint,stationary,Audubon,2040,428704.1560272728
midpoint,stationary,Audubon,2050,428704.1560272728
midpoint,stationary,Audubon,2060,428704.1560272728
midpoint,stationary,Audubon,2070,428704.1560272728
midpoint,stationary,Audubon,2080,428704.1560272728
midpoint,stationary,Audubon,2090,428704.1560272728
midpoint,stationary,Audubon,2100,428704.1560272728
midpoint,stationary,Crosby Lostwood,2020,449031.26693030307
midpoint,stationary,Crosby Lostwood,2030,449031.26693030307
midpoint,stationary,Crosby Lostwood,2040,449031.26693030307
midpoint,stationary,Crosby Lostwood,2050,449031.26693030307
midpoint,stationary,Crosby Lostwood,2060,449031.26693030307
midpoint,stationary,Crosby Lostwood,2070,449031.26693030307
midpoint,stationary,Crosby Lostwood,2080,449031.26693030307
midpoint,stationary,Crosby Lostwood,2090,449031.26693030307
midpoint,stationary,Crosby Lostwood,2100,449031.26693030307
midpoint,stationary,Detroit Lakes,2020,67034.28367454546
midpoint,stationary,Detroit Lakes,2030,67034.28367454546
midpoint,stationary,Detroit Lakes,2040,67034.28367454546
midpoint,stationary,Detroit Lakes,2050,67034.28367454546
midpoint,stationary,Detroit Lakes,2060,67034.28367454546
midpoint,stationary,Detroit Lakes,2070,67034.28367454546
midpoint,stationary,Detroit Lakes,2080,67034.28367454546
midpoint,stationary,Detroit Lakes,2090,67034.28367454546
midpoint,stationary,Detroit Lakes,2100,67034.28367454546
midpoint,stationary,Devils Lake,2020,450671.85404242435
midpoint,stationary,Devils Lake,2030,450671.85404242435
midpoint,stationary,Devils Lake,2040,450671.85404242435
midpoint,stationary,Devils Lake,2050,450671.85404242435
midpoint,stationary,Devils Lake,2060,450671.85404242435
midpoint,stationary,Devils Lake,2070,450671.85404242435
midpoint,stationary,Devils Lake,2080,450671.85404242435
midpoint,stationary,Devils Lake,2090,450671.85404242435
midpoint,stationary,Devils Lake,2100,450671.85404242435
midpoint,stationary,Fergus Falls,2020,27034.83047545454
midpoint,stationary,Fergus Falls,2030,27034.83047545454
midpoint,stationary,Fergus Falls,2040,27034.83047545454
midpoint,stationary,Fergus Falls,2050,27034.83047545454
midpoint,stationary,Fergus Falls,2060,27034.83047545454
midpoint,stationary,Fergus Falls,2070,27034.83047545454
midpoint,stationary,Fergus Falls,2080,27034.83047545454
midpoint,stationary,Fergus Falls,2090,27034.83047545454
midpoint,stationary,Fergus Falls,2100,27034.83047545454
midpoint,stationary,Huron,2020,417911.1733666666
midpoint,stationary,Huron,2030,417911.1733666666
midpoint,stationary,Huron,2040,417911.1733666666
midpoint,stationary,Huron,2050,417911.1733666666
midpoint,stationary,Huron,2060,417911.1733666666
midpoint,stationary,Huron,2070,417911.1733666666
midpoint,stationary,Huron,2080,417911.1733666666
midpoint,stationary,Huron,2090,417911.1733666666
midpoint,stationary,Huron,2100,417911.1733666666
midpoint,stationary,Iowa,2020,23842.95550393939
midpoint,stationary,Iowa,2030,23842.95550393939
midpoint,stationary,Iowa,2040,23842.95550393939
midpoint,stationary,Iowa,2050,23842.95550393939
midpoint,stationary,Iowa,2060,23842.95550393939
midpoint,stationary,Iowa,2070,23842.95550393939
midpoint,stationary,Iowa,2080,23842.95550393939
midpoint,stationary,Iowa,2090,23842.95550393939
midpoint,stationary,Iowa,2100,23842.95550393939
midpoint,stationary,J. Clark Salyer,2020,404468.25213030283
midpoint,stationary,J. Clark Salyer,2030,404468.25213030283
midpoint,stationary,J. Clark Salyer,2040,404468.25213030283
midpoint,stationary,J. Clark Salyer,2050,404468.25213030283
midpoint,stationary,J. Clark Salyer,2060,404468.25213030283
midpoint,stationary,J. Clark Salyer,2070,404468.25213030283
midpoint,stationary,J. Clark Salyer,2080,404468.25213030283
midpoint,stationary,J. Clark Salyer,2090,404468.25213030283
midpoint,stationary,J. Clark Salyer,2100,404468.25213030283
midpoint,stationary,Kulm,2020,297220.34135151515
midpoint,stationary,Kulm,2030,297220.34135151515
midpoint,stationary,Kulm,2040,297220.34135151515
midpoint,stationary,Kulm,2050,297220.34135151515
midpoint,stationary,Kulm,2060,297220.34135151515
midpoint,stationary,Kulm,2070,297220.34135151515
midpoint,stationary,Kulm,2080,297220.34135151515
midpoint,stationary,Kulm,2090,297220.34135151515
midpoint,stationary,Kulm,2100,297220.34135151515
midpoint,stationary,Lake Andes,2020,270395.06822424236
midpoint,stationary,Lake Andes,2030,270395.06822424236
midpoint,stationary,Lake Andes,2040,270395.06822424236
midpoint,stationary,Lake Andes,2050,270395.06822424236
midpoint,stationary,Lake Andes,2060,270395.06822424236
midpoint,stationary,Lake Andes,2070,270395.06822424236
midpoint,stationary,Lake Andes,2080,270395.06822424236
midpoint,stationary,Lake Andes,2090,270395.06822424236
midpoint,stationary,Lake Andes,2100,270395.06822424236
midpoint,stationary,Litchfield,2020,34002.773846969685
midpoint,stationary,Litchfield,2030,34002.773846969685
midpoint,stationary,Litchfield,2040,34002.773846969685
midpoint,stationary,Litchfield,2050,34002.773846969685
midpoint,stationary,Litchfield,2060,34002.773846969685
midpoint,stationary,Litchfield,2070,34002.773846969685
midpoint,stationary,Litchfield,2080,34002.773846969685
midpoint,stationary,Litchfield,2090,34002.773846969685
midpoint,stationary,Litchfield,2100,34002.773846969685
midpoint,stationary,Long Lake,2020,203575.45126969702
midpoint,stationary,Long Lake,2030,203575.45126969702
midpoint,stationary,Long Lake,2040,203575.45126969702
midpoint,stationary,Long Lake,2050,203575.45126969702
midpoint,stationary,Long Lake,2060,203575.45126969702
midpoint,stationary,Long Lake,2070,203575.45126969702
midpoint,stationary,Long Lake,2080,203575.45126969702
midpoint,stationary,Long Lake,2090,203575.45126969702
midpoint,stationary,Long Lake,2100,203575.45126969702
midpoint,stationary,Madison,2020,152985.74924242427
midpoint,stationary,Madison,2030,152985.74924242427
midpoint,stationary,Madison,2040,152985.74924242427
midpoint,stationary,Madison,2050,152985.74924242427
midpoint,stationary,Madison,2060,152985.74924242427
midpoint,stationary,Madison,2070,152985.74924242427
midpoint,stationary,Madison,2080,152985.74924242427
midpoint,stationary,Madison,2090,152985.74924242427
midpoint,stationary,Madison,2100,152985.74924242427
midpoint,stationary,Morris,2020,45953.73705909091
midpoint,stationary,Morris,2030,45953.73705909091
midpoint,stationary,Morris,2040,45953.73705909091
midpoint,stationary,Morris,2050,45953.73705909091
midpoint,stationary,Morris,2060,45953.73705909091
midpoint,stationary,Morris,2070,45953.73705909091
midpoint,stationary,Morris,2080,45953.73705909091
midpoint,stationary,Morris,2090,45953.73705909091
midpoint,stationary,Morris,2100,45953.73705909091
midpoint,stationary,Roseau,2020,25723.35592303031
midpoint,stationary,Roseau,2030,25723.35592303031
midpoint,stationary,Roseau,2040,25723.35592303031
midpoint,stationary,Roseau,2050,25723.35592303031
midpoint,stationary,Roseau,2060,25723.35592303031
midpoint,stationary,Roseau,2070,25723.35592303031
midpoint,stationary,Roseau,2080,25723.35592303031
midpoint,stationary,Roseau,2090,25723.35592303031
midpoint,stationary,Roseau,2100,25723.35592303031
midpoint,stationary,Sand Lake,2020,590699.5017333335
midpoint,stationary,Sand Lake,2030,590699.5017333335
midpoint,stationary,Sand Lake,2040,590699.5017333335
midpoint,stationary,Sand Lake,2050,590699.5017333335
midpoint,stationary,Sand Lake,2060,590699.5017333335
midpoint,stationary,Sand Lake,2070,590699.5017333335
midpoint,stationary,Sand Lake,2080,590699.5017333335
midpoint,stationary,Sand Lake,2090,590699.5017333335
midpoint,stationary,Sand Lake,2100,590699.5017333335
midpoint,stationary,Tewaukon,2020,148528.3177206061
midpoint,stationary,Tewaukon,2030,148528.3177206061
midpoint,stationary,Tewaukon,2040,148528.3177206061
midpoint,stationary,Tewaukon,2050,148528.3177206061
midpoint,stationary,Tewaukon,2060,148528.3177206061
midpoint,stationary,Tewaukon,2070,148528.3177206061
midpoint,stationary,Tewaukon,2080,148528.3177206061
midpoint,stationary,Tewaukon,2090,148528.3177206061
midpoint,stationary,Tewaukon,2100,148528.3177206061
midpoint,stationary,Valley City,2020,142831.27893151515
midpoint,stationary,Valley City,2030,142831.27893151515
midpoint,stationary,Valley City,2040,142831.27893151515
midpoint,stationary,Valley City,2050,142831.27893151515
midpoint,stationary,Valley City,2060,142831.27893151515
midpoint,stationary,Valley City,2070,142831.27893151515
midpoint,stationary,Valley City,2080,142831.27893151515
midpoint,stationary,Valley City,2090,142831.27893151515
midpoint,stationary,Valley City,2100,142831.27893151515
midpoint,stationary,Waubay,2020,229127.50232424246
midpoint,stationary,Waubay,2030,229127.50232424246
midpoint,stationary,Waubay,2040,229127.50232424246
midpoint,stationary,Waubay,2050,229127.50232424246
midpoint,stationary,Waubay,2060,229127.50232424246
midpoint,stationary,Waubay,2070,229127.50232424246
midpoint,stationary,Waubay,2080,229127.50232424246
midpoint,stationary,Waubay,2090,229127.50232424246
midpoint,stationary,Waubay,2100,229127.50232424246
