"tag","n_avail","n_periods","nvar","status","gap_pct","runtime_s"
"rcp45_wet/myopic",841,9,7569,"TIME_LIMIT",0.0405766951599931,60
"rcp45_wet/myopic",833,8,6664,"OPTIMAL",0.00968442430296944,3.8
"rcp45_wet/myopic",826,7,5782,"OPTIMAL",0.00830959171000647,41.9
"rcp45_wet/myopic",818,6,4908,"OPTIMAL",0,0.3
"rcp45_wet/myopic",811,5,4055,"OPTIMAL",0.00790712211817756,0.2
"rcp45_wet/myopic",804,4,3216,"OPTIMAL",0,0.2
"rcp45_wet/myopic",797,3,2391,"OPTIMAL",0,0.1
"rcp45_wet/myopic",791,2,1582,"OPTIMAL",0,0
"rcp45_wet/myopic",784,1,784,"OPTIMAL",0,0
"rcp45_wet/rolling",841,9,7569,"OPTIMAL",0.00992994133070366,45.1
"rcp45_wet/rolling",833,8,6664,"OPTIMAL",0.00984311450835769,6.2
"rcp45_wet/rolling",825,7,5775,"OPTIMAL",0.00969977725782963,6.6
"rcp45_wet/rolling",818,6,4908,"OPTIMAL",0.00929228084096457,2.7
"rcp45_wet/rolling",811,5,4055,"OPTIMAL",0.00228754716755558,2
"rcp45_wet/rolling",803,4,3212,"OPTIMAL",0,0.4
"rcp45_wet/rolling",796,3,2388,"OPTIMAL",0,0.2
"rcp45_wet/rolling",789,2,1578,"OPTIMAL",0,0.1
"rcp45_wet/rolling",782,1,782,"OPTIMAL",0,0
"rcp45_dry/myopic",841,9,7569,"TIME_LIMIT",0.0405832186564861,60
"rcp45_dry/myopic",833,8,6664,"OPTIMAL",0.009834589998179,13.3
"rcp45_dry/myopic",826,7,5782,"OPTIMAL",0.00973092127068561,20.7
"rcp45_dry/myopic",818,6,4908,"OPTIMAL",0,0.5
"rcp45_dry/myopic",811,5,4055,"OPTIMAL",0,0.5
"rcp45_dry/myopic",804,4,3216,"OPTIMAL",0.00855419809653517,0.1
"rcp45_dry/myopic",797,3,2391,"OPTIMAL",0,0.1
"rcp45_dry/myopic",791,2,1582,"OPTIMAL",0,0
"rcp45_dry/myopic",784,1,784,"OPTIMAL",0,0
"rcp45_dry/rolling",841,9,7569,"OPTIMAL",0.00943399716668035,9.2
"rcp45_dry/rolling",834,8,6672,"OPTIMAL",0.00869644499438741,2.6
"rcp45_dry/rolling",826,7,5782,"OPTIMAL",0.00745039517308493,2.1
"rcp45_dry/rolling",819,6,4914,"OPTIMAL",0,1.8
"rcp45_dry/rolling",811,5,4055,"OPTIMAL",0,0.6
"rcp45_dry/rolling",803,4,3212,"OPTIMAL",0,0.5
"rcp45_dry/rolling",796,3,2388,"OPTIMAL",0,0.1
"rcp45_dry/rolling",788,2,1576,"OPTIMAL",0,0.1
"rcp45_dry/rolling",781,1,781,"OPTIMAL",0,0
"rcp85_wet/myopic",841,9,7569,"TIME_LIMIT",0.0405775920461431,60
"rcp85_wet/myopic",833,8,6664,"OPTIMAL",0.00950977537775366,12.1
"rcp85_wet/myopic",826,7,5782,"OPTIMAL",0.00997380877326337,11.7
"rcp85_wet/myopic",818,6,4908,"OPTIMAL",0.0096149247768799,0.4
"rcp85_wet/myopic",811,5,4055,"OPTIMAL",0.00353203719171331,0.1
"rcp85_wet/myopic",805,4,3220,"OPTIMAL",0,0.2
"rcp85_wet/myopic",799,3,2397,"OPTIMAL",0.00972603311708479,0.1
"rcp85_wet/myopic",793,2,1586,"OPTIMAL",0,0
"rcp85_wet/myopic",786,1,786,"OPTIMAL",0,0
"rcp85_wet/rolling",841,9,7569,"OPTIMAL",0.00991588566071978,28.5
"rcp85_wet/rolling",833,8,6664,"OPTIMAL",0.00885318615268249,1.1
"rcp85_wet/rolling",826,7,5782,"OPTIMAL",0.00816685789908194,1.2
"rcp85_wet/rolling",819,6,4914,"OPTIMAL",0.00865458265798363,0.5
"rcp85_wet/rolling",811,5,4055,"OPTIMAL",0,0.3
"rcp85_wet/rolling",804,4,3216,"OPTIMAL",1.07936704847839e-10,0.3
"rcp85_wet/rolling",796,3,2388,"OPTIMAL",0,0.2
"rcp85_wet/rolling",789,2,1578,"OPTIMAL",0,0.1
"rcp85_wet/rolling",782,1,782,"OPTIMAL",0,0
"rcp85_dry/myopic",841,9,7569,"TIME_LIMIT",0.0405832186564861,60
"rcp85_dry/myopic",833,8,6664,"OPTIMAL",0.00982199712956988,7.7
"rcp85_dry/myopic",826,7,5782,"TIME_LIMIT",0.0458990105059289,60
"rcp85_dry/myopic",818,6,4908,"OPTIMAL",0,0.5
"rcp85_dry/myopic",811,5,4055,"OPTIMAL",0,0.4
"rcp85_dry/myopic",805,4,3220,"OPTIMAL",0.00960651017304688,0.2
"rcp85_dry/myopic",799,3,2397,"OPTIMAL",0,0.1
"rcp85_dry/myopic",793,2,1586,"OPTIMAL",0,0
"rcp85_dry/myopic",786,1,786,"OPTIMAL",0,0
"rcp85_dry/rolling",841,9,7569,"OPTIMAL",0.00994752764920322,15.8
"rcp85_dry/rolling",833,8,6664,"OPTIMAL",0.00691778415703349,3.1
"rcp85_dry/rolling",826,7,5782,"OPTIMAL",0.00684982524288926,2
"rcp85_dry/rolling",819,6,4914,"OPTIMAL",0,0.8
"rcp85_dry/rolling",811,5,4055,"OPTIMAL",0,0.3
"rcp85_dry/rolling",804,4,3216,"OPTIMAL",1.98949482811984e-09,0.2
"rcp85_dry/rolling",795,3,2385,"OPTIMAL",0,0.1
"rcp85_dry/rolling",788,2,1576,"OPTIMAL",0.00736399694923547,0.1
"rcp85_dry/rolling",782,1,782,"OPTIMAL",0,0
"stationary/myopic",841,9,7569,"TIME_LIMIT",0.0405252038202804,60
"stationary/myopic",833,8,6664,"TIME_LIMIT",0.0340374682099751,60
"stationary/myopic",824,7,5768,"TIME_LIMIT",0.0326249993133083,60
"stationary/myopic",817,6,4902,"OPTIMAL",0.00977541439447513,28.7
"stationary/myopic",809,5,4045,"OPTIMAL",0.00158862274061519,3.6
"stationary/myopic",803,4,3212,"OPTIMAL",0,0.3
"stationary/myopic",796,3,2388,"OPTIMAL",8.92596486690478e-09,0.1
"stationary/myopic",789,2,1578,"OPTIMAL",0,0.1
"stationary/myopic",783,1,783,"OPTIMAL",0,0
"stationary/rolling",841,9,7569,"OPTIMAL",0.00997404165703829,28.8
"stationary/rolling",833,8,6664,"OPTIMAL",0.00979968165026476,12.6
"stationary/rolling",825,7,5775,"OPTIMAL",0.00987065603887917,10.3
"stationary/rolling",819,6,4914,"OPTIMAL",0.00640415804903084,4.8
"stationary/rolling",812,5,4060,"OPTIMAL",0.00462861389721485,2.1
"stationary/rolling",805,4,3220,"OPTIMAL",0,0.6
"stationary/rolling",798,3,2394,"OPTIMAL",0,0.4
"stationary/rolling",792,2,1584,"OPTIMAL",0.0022702701509121,0.1
"stationary/rolling",785,1,785,"OPTIMAL",0,0
