"eau_id","wmd_id_num","wmd_id","area_km2","x_coord","y_coord"
1,1,"Arrowwood",12637.1176739,-304634.632937059,2765423.77681413
2,1,"Arrowwood",12637.1176739,-286121.096105294,2765423.77681413
3,1,"Arrowwood",12637.1176739,-267607.559273529,2765423.77681413
4,1,"Arrowwood",12637.1176739,-249094.022441765,2765423.77681413
5,1,"Arrowwood",12637.1176739,-304634.632937059,2746938.5657337
6,1,"Arrowwood",12637.1176739,-286121.096105294,2746938.5657337
7,1,"Arrowwood",12637.1176739,-267607.559273529,2746938.5657337
8,1,"Arrowwood",12637.1176739,-249094.022441765,2746938.5657337
9,1,"Arrowwood",12637.1176739,-230580.48561,2746938.5657337
10,1,"Arrowwood",12637.1176739,-212066.948778235,2746938.5657337
11,1,"Arrowwood",12637.1176739,-193553.41194647,2746938.5657337
12,1,"Arrowwood",12637.1176739,-304634.632937059,2728453.35465326
13,1,"Arrowwood",12637.1176739,-286121.096105294,2728453.35465326
14,1,"Arrowwood",12637.1176739,-267607.559273529,2728453.35465326
15,1,"Arrowwood",12637.1176739,-249094.022441765,2728453.35465326
16,1,"Arrowwood",12637.1176739,-230580.48561,2728453.35465326
17,1,"Arrowwood",12637.1176739,-212066.948778235,2728453.35465326
18,1,"Arrowwood",12637.1176739,-193553.41194647,2728453.35465326
19,1,"Arrowwood",12637.1176739,-286121.096105294,2709968.14357283
20,1,"Arrowwood",12637.1176739,-267607.559273529,2709968.14357283
21,1,"Arrowwood",12637.1176739,-249094.022441765,2709968.14357283
22,1,"Arrowwood",12637.1176739,-230580.48561,2709968.14357283
23,1,"Arrowwood",12637.1176739,-212066.948778235,2709968.14357283
24,1,"Arrowwood",12637.1176739,-193553.41194647,2709968.14357283
25,1,"Arrowwood",12637.1176739,-249094.022441765,2691482.93249239
26,1,"Arrowwood",12637.1176739,-230580.48561,2691482.93249239
27,1,"Arrowwood",12637.1176739,-212066.948778235,2691482.93249239
28,1,"Arrowwood",12637.1176739,-193553.41194647,2691482.93249239
29,1,"Arrowwood",12637.1176739,-249094.022441765,2672997.72141196
30,1,"Arrowwood",12637.1176739,-230580.48561,2672997.72141196
31,1,"Arrowwood",12637.1176739,-212066.948778235,2672997.72141196
32,1,"Arrowwood",12637.1176739,-193553.41194647,2672997.72141196
33,1,"Arrowwood",12637.1176739,-249094.022441765,2654512.51033152
34,1,"Arrowwood",12637.1176739,-230580.48561,2654512.51033152
35,1,"Arrowwood",12637.1176739,-212066.948778235,2654512.51033152
36,1,"Arrowwood",12637.1176739,-193553.41194647,2654512.51033152
37,1,"Arrowwood",12637.1176739,-249094.022441765,2636027.29925109
38,1,"Arrowwood",12637.1176739,-230580.48561,2636027.29925109
39,1,"Arrowwood",12637.1176739,-212066.948778235,2636027.29925109
40,1,"Arrowwood",12637.1176739,-193553.41194647,2636027.29925109
41,2,"Audubon",13116.9944897,-434229.390759412,2839364.62113587
42,2,"Audubon",13116.9944897,-415715.853927647,2839364.62113587
43,2,"Audubon",13116.9944897,-397202.317095882,2839364.62113587
44,2,"Audubon",13116.9944897,-434229.390759412,2820879.41005543
45,2,"Audubon",13116.9944897,-415715.853927647,2820879.41005543
46,2,"Audubon",13116.9944897,-397202.317095882,2820879.41005543
47,2,"Audubon",13116.9944897,-378688.780264118,2820879.41005543
48,2,"Audubon",13116.9944897,-434229.390759412,2802394.198975
49,2,"Audubon",13116.9944897,-415715.853927647,2802394.198975
50,2,"Audubon",13116.9944897,-397202.317095882,2802394.198975
51,2,"Audubon",13116.9944897,-378688.780264118,2802394.198975
52,2,"Audubon",13116.9944897,-434229.390759412,2783908.98789456
53,2,"Audubon",13116.9944897,-415715.853927647,2783908.98789456
54,2,"Audubon",13116.9944897,-397202.317095882,2783908.98789456
55,2,"Audubon",13116.9944897,-378688.780264118,2783908.98789456
56,2,"Audubon",13116.9944897,-471256.464422941,2765423.77681413
57,2,"Audubon",13116.9944897,-452742.927591177,2765423.77681413
58,2,"Audubon",13116.9944897,-434229.390759412,2765423.77681413
59,2,"Audubon",13116.9944897,-415715.853927647,2765423.77681413
60,2,"Audubon",13116.9944897,-397202.317095882,2765423.77681413
61,2,"Audubon",13116.9944897,-378688.780264118,2765423.77681413
62,2,"Audubon",13116.9944897,-360175.243432353,2765423.77681413
63,2,"Audubon",13116.9944897,-341661.706600588,2765423.77681413
64,2,"Audubon",13116.9944897,-323148.169768824,2765423.77681413
65,2,"Audubon",13116.9944897,-452742.927591177,2746938.5657337
66,2,"Audubon",13116.9944897,-434229.390759412,2746938.5657337
67,2,"Audubon",13116.9944897,-415715.853927647,2746938.5657337
68,2,"Audubon",13116.9944897,-397202.317095882,2746938.5657337
69,2,"Audubon",13116.9944897,-378688.780264118,2746938.5657337
70,2,"Audubon",13116.9944897,-360175.243432353,2746938.5657337
71,2,"Audubon",13116.9944897,-341661.706600588,2746938.5657337
72,2,"Audubon",13116.9944897,-323148.169768824,2746938.5657337
73,2,"Audubon",13116.9944897,-397202.317095882,2728453.35465326
74,2,"Audubon",13116.9944897,-378688.780264118,2728453.35465326
75,2,"Audubon",13116.9944897,-360175.243432353,2728453.35465326
76,2,"Audubon",13116.9944897,-341661.706600588,2728453.35465326
77,2,"Audubon",13116.9944897,-323148.169768824,2728453.35465326
78,2,"Audubon",13116.9944897,-397202.317095882,2709968.14357283
79,2,"Audubon",13116.9944897,-378688.780264118,2709968.14357283
80,3,"Benton Lake",44269.9195261,-1322879.15868412,3005731.52085978
81,3,"Benton Lake",44269.9195261,-1304365.62185235,3005731.52085978
82,3,"Benton Lake",44269.9195261,-1285852.08502059,3005731.52085978
83,3,"Benton Lake",44269.9195261,-1304365.62185235,2987246.30977935
84,3,"Benton Lake",44269.9195261,-1285852.08502059,2987246.30977935
85,3,"Benton Lake",44269.9195261,-1267338.54818882,2987246.30977935
86,3,"Benton Lake",44269.9195261,-1248825.01135706,2987246.30977935
87,3,"Benton Lake",44269.9195261,-1230311.4745253,2987246.30977935
88,3,"Benton Lake",44269.9195261,-1211797.93769353,2987246.30977935
89,3,"Benton Lake",44269.9195261,-1193284.40086177,2987246.30977935
90,3,"Benton Lake",44269.9195261,-1304365.62185235,2968761.09869891
91,3,"Benton Lake",44269.9195261,-1285852.08502059,2968761.09869891
92,3,"Benton Lake",44269.9195261,-1267338.54818882,2968761.09869891
93,3,"Benton Lake",44269.9195261,-1248825.01135706,2968761.09869891
94,3,"Benton Lake",44269.9195261,-1230311.4745253,2968761.09869891
95,3,"Benton Lake",44269.9195261,-1211797.93769353,2968761.09869891
96,3,"Benton Lake",44269.9195261,-1193284.40086177,2968761.09869891
97,3,"Benton Lake",44269.9195261,-1174770.86403,2968761.09869891
98,3,"Benton Lake",44269.9195261,-1156257.32719824,2968761.09869891
99,3,"Benton Lake",44269.9195261,-1137743.79036647,2968761.09869891
100,3,"Benton Lake",44269.9195261,-1119230.25353471,2968761.09869891
101,3,"Benton Lake",44269.9195261,-1100716.71670294,2968761.09869891
102,3,"Benton Lake",44269.9195261,-1082203.17987118,2968761.09869891
103,3,"Benton Lake",44269.9195261,-1063689.64303941,2968761.09869891
104,3,"Benton Lake",44269.9195261,-1285852.08502059,2950275.88761848
105,3,"Benton Lake",44269.9195261,-1267338.54818882,2950275.88761848
106,3,"Benton Lake",44269.9195261,-1248825.01135706,2950275.88761848
107,3,"Benton Lake",44269.9195261,-1230311.4745253,2950275.88761848
108,3,"Benton Lake",44269.9195261,-1211797.93769353,2950275.88761848
109,3,"Benton Lake",44269.9195261,-1193284.40086177,2950275.88761848
110,3,"Benton Lake",44269.9195261,-1174770.86403,2950275.88761848
111,3,"Benton Lake",44269.9195261,-1156257.32719824,2950275.88761848
112,3,"Benton Lake",44269.9195261,-1137743.79036647,2950275.88761848
113,3,"Benton Lake",44269.9195261,-1119230.25353471,2950275.88761848
114,3,"Benton Lake",44269.9195261,-1100716.71670294,2950275.88761848
115,3,"Benton Lake",44269.9195261,-1082203.17987118,2950275.88761848
116,3,"Benton Lake",44269.9195261,-1063689.64303941,2950275.88761848
117,3,"Benton Lake",44269.9195261,-1045176.10620765,2950275.88761848
118,3,"Benton Lake",44269.9195261,-1285852.08502059,2931790.67653804
119,3,"Benton Lake",44269.9195261,-1267338.54818882,2931790.67653804
120,3,"Benton Lake",44269.9195261,-1248825.01135706,2931790.67653804
121,3,"Benton Lake",44269.9195261,-1230311.4745253,2931790.67653804
122,3,"Benton Lake",44269.9195261,-1211797.93769353,2931790.67653804
123,3,"Benton Lake",44269.9195261,-1193284.40086177,2931790.67653804
124,3,"Benton Lake",44269.9195261,-1174770.86403,2931790.67653804
125,3,"Benton Lake",44269.9195261,-1156257.32719824,2931790.67653804
126,3,"Benton Lake",44269.9195261,-1137743.79036647,2931790.67653804
127,3,"Benton Lake",44269.9195261,-1119230.25353471,2931790.67653804
128,3,"Benton Lake",44269.9195261,-1100716.71670294,2931790.67653804
129,3,"Benton Lake",44269.9195261,-1082203.17987118,2931790.67653804
130,3,"Benton Lake",44269.9195261,-1063689.64303941,2931790.67653804
131,3,"Benton Lake",44269.9195261,-1045176.10620765,2931790.67653804
132,3,"Benton Lake",44269.9195261,-1267338.54818882,2913305.46545761
133,3,"Benton Lake",44269.9195261,-1248825.01135706,2913305.46545761
134,3,"Benton Lake",44269.9195261,-1230311.4745253,2913305.46545761
135,3,"Benton Lake",44269.9195261,-1211797.93769353,2913305.46545761
136,3,"Benton Lake",44269.9195261,-1193284.40086177,2913305.46545761
137,3,"Benton Lake",44269.9195261,-1174770.86403,2913305.46545761
138,3,"Benton Lake",44269.9195261,-1156257.32719824,2913305.46545761
139,3,"Benton Lake",44269.9195261,-1137743.79036647,2913305.46545761
140,3,"Benton Lake",44269.9195261,-1119230.25353471,2913305.46545761
141,3,"Benton Lake",44269.9195261,-1100716.71670294,2913305.46545761
142,3,"Benton Lake",44269.9195261,-1082203.17987118,2913305.46545761
143,3,"Benton Lake",44269.9195261,-1063689.64303941,2913305.46545761
144,3,"Benton Lake",44269.9195261,-1045176.10620765,2913305.46545761
145,3,"Benton Lake",44269.9195261,-1026662.56937588,2913305.46545761
146,3,"Benton Lake",44269.9195261,-1248825.01135706,2894820.25437717
147,3,"Benton Lake",44269.9195261,-1230311.4745253,2894820.25437717
148,3,"Benton Lake",44269.9195261,-1211797.93769353,2894820.25437717
149,3,"Benton Lake",44269.9195261,-1193284.40086177,2894820.25437717
150,3,"Benton Lake",44269.9195261,-1174770.86403,2894820.25437717
151,3,"Benton Lake",44269.9195261,-1156257.32719824,2894820.25437717
152,3,"Benton Lake",44269.9195261,-1137743.79036647,2894820.25437717
153,3,"Benton Lake",44269.9195261,-1119230.25353471,2894820.25437717
154,3,"Benton Lake",44269.9195261,-1100716.71670294,2894820.25437717
155,3,"Benton Lake",44269.9195261,-1082203.17987118,2894820.25437717
156,3,"Benton Lake",44269.9195261,-1063689.64303941,2894820.25437717
157,3,"Benton Lake",44269.9195261,-1045176.10620765,2894820.25437717
158,3,"Benton Lake",44269.9195261,-1267338.54818882,2876335.04329674
159,3,"Benton Lake",44269.9195261,-1248825.01135706,2876335.04329674
160,3,"Benton Lake",44269.9195261,-1230311.4745253,2876335.04329674
161,3,"Benton Lake",44269.9195261,-1211797.93769353,2876335.04329674
162,3,"Benton Lake",44269.9195261,-1193284.40086177,2876335.04329674
163,3,"Benton Lake",44269.9195261,-1174770.86403,2876335.04329674
164,3,"Benton Lake",44269.9195261,-1156257.32719824,2876335.04329674
165,3,"Benton Lake",44269.9195261,-1137743.79036647,2876335.04329674
166,3,"Benton Lake",44269.9195261,-1119230.25353471,2876335.04329674
167,3,"Benton Lake",44269.9195261,-1100716.71670294,2876335.04329674
168,3,"Benton Lake",44269.9195261,-1082203.17987118,2876335.04329674
169,3,"Benton Lake",44269.9195261,-1063689.64303941,2876335.04329674
170,3,"Benton Lake",44269.9195261,-1045176.10620765,2876335.04329674
171,3,"Benton Lake",44269.9195261,-1026662.56937588,2876335.04329674
172,3,"Benton Lake",44269.9195261,-1285852.08502059,2857849.8322163
173,3,"Benton Lake",44269.9195261,-1267338.54818882,2857849.8322163
174,3,"Benton Lake",44269.9195261,-1248825.01135706,2857849.8322163
175,3,"Benton Lake",44269.9195261,-1230311.4745253,2857849.8322163
176,3,"Benton Lake",44269.9195261,-1211797.93769353,2857849.8322163
177,3,"Benton Lake",44269.9195261,-1193284.40086177,2857849.8322163
178,3,"Benton Lake",44269.9195261,-1174770.86403,2857849.8322163
179,3,"Benton Lake",44269.9195261,-1156257.32719824,2857849.8322163
180,3,"Benton Lake",44269.9195261,-1137743.79036647,2857849.8322163
181,3,"Benton Lake",44269.9195261,-1119230.25353471,2857849.8322163
182,3,"Benton Lake",44269.9195261,-1100716.71670294,2857849.8322163
183,3,"Benton Lake",44269.9195261,-1082203.17987118,2857849.8322163
184,3,"Benton Lake",44269.9195261,-1045176.10620765,2857849.8322163
185,3,"Benton Lake",44269.9195261,-1026662.56937588,2857849.8322163
186,3,"Benton Lake",44269.9195261,-1285852.08502059,2839364.62113587
187,3,"Benton Lake",44269.9195261,-1267338.54818882,2839364.62113587
188,3,"Benton Lake",44269.9195261,-1248825.01135706,2839364.62113587
189,3,"Benton Lake",44269.9195261,-1230311.4745253,2839364.62113587
190,3,"Benton Lake",44269.9195261,-1211797.93769353,2839364.62113587
191,3,"Benton Lake",44269.9195261,-1193284.40086177,2839364.62113587
192,3,"Benton Lake",44269.9195261,-1174770.86403,2839364.62113587
193,3,"Benton Lake",44269.9195261,-1156257.32719824,2839364.62113587
194,3,"Benton Lake",44269.9195261,-1137743.79036647,2839364.62113587
195,3,"Benton Lake",44269.9195261,-1119230.25353471,2839364.62113587
196,3,"Benton Lake",44269.9195261,-1045176.10620765,2839364.62113587
197,3,"Benton Lake",44269.9195261,-1026662.56937588,2839364.62113587
198,3,"Benton Lake",44269.9195261,-1267338.54818882,2820879.41005543
199,3,"Benton Lake",44269.9195261,-1248825.01135706,2820879.41005543
200,3,"Benton Lake",44269.9195261,-1230311.4745253,2820879.41005543
201,3,"Benton Lake",44269.9195261,-1211797.93769353,2820879.41005543
202,3,"Benton Lake",44269.9195261,-1193284.40086177,2820879.41005543
203,3,"Benton Lake",44269.9195261,-1174770.86403,2820879.41005543
204,3,"Benton Lake",44269.9195261,-1156257.32719824,2820879.41005543
205,3,"Benton Lake",44269.9195261,-1248825.01135706,2802394.198975
206,3,"Benton Lake",44269.9195261,-1230311.4745253,2802394.198975
207,3,"Benton Lake",44269.9195261,-1211797.93769353,2802394.198975
208,3,"Benton Lake",44269.9195261,-1193284.40086177,2802394.198975
209,4,"Bowdoin",40405.9523908,-1026662.56937588,2950275.88761848
210,4,"Bowdoin",40405.9523908,-1008149.03254412,2950275.88761848
211,4,"Bowdoin",40405.9523908,-989635.495712353,2950275.88761848
212,4,"Bowdoin",40405.9523908,-971121.958880589,2950275.88761848
213,4,"Bowdoin",40405.9523908,-952608.422048824,2950275.88761848
214,4,"Bowdoin",40405.9523908,-934094.885217059,2950275.88761848
215,4,"Bowdoin",40405.9523908,-1026662.56937588,2931790.67653804
216,4,"Bowdoin",40405.9523908,-1008149.03254412,2931790.67653804
217,4,"Bowdoin",40405.9523908,-989635.495712353,2931790.67653804
218,4,"Bowdoin",40405.9523908,-971121.958880589,2931790.67653804
219,4,"Bowdoin",40405.9523908,-952608.422048824,2931790.67653804
220,4,"Bowdoin",40405.9523908,-934094.885217059,2931790.67653804
221,4,"Bowdoin",40405.9523908,-915581.348385295,2931790.67653804
222,4,"Bowdoin",40405.9523908,-897067.81155353,2931790.67653804
223,4,"Bowdoin",40405.9523908,-878554.274721765,2931790.67653804
224,4,"Bowdoin",40405.9523908,-860040.73789,2931790.67653804
225,4,"Bowdoin",40405.9523908,-841527.201058236,2931790.67653804
226,4,"Bowdoin",40405.9523908,-823013.664226471,2931790.67653804
227,4,"Bowdoin",40405.9523908,-804500.127394706,2931790.67653804
228,4,"Bowdoin",40405.9523908,-785986.590562942,2931790.67653804
229,4,"Bowdoin",40405.9523908,-1008149.03254412,2913305.46545761
230,4,"Bowdoin",40405.9523908,-989635.495712353,2913305.46545761
231,4,"Bowdoin",40405.9523908,-971121.958880589,2913305.46545761
232,4,"Bowdoin",40405.9523908,-952608.422048824,2913305.46545761
233,4,"Bowdoin",40405.9523908,-934094.885217059,2913305.46545761
234,4,"Bowdoin",40405.9523908,-915581.348385295,2913305.46545761
235,4,"Bowdoin",40405.9523908,-897067.81155353,2913305.46545761
236,4,"Bowdoin",40405.9523908,-878554.274721765,2913305.46545761
237,4,"Bowdoin",40405.9523908,-860040.73789,2913305.46545761
238,4,"Bowdoin",40405.9523908,-841527.201058236,2913305.46545761
239,4,"Bowdoin",40405.9523908,-823013.664226471,2913305.46545761
240,4,"Bowdoin",40405.9523908,-804500.127394706,2913305.46545761
241,4,"Bowdoin",40405.9523908,-785986.590562942,2913305.46545761
242,4,"Bowdoin",40405.9523908,-767473.053731177,2913305.46545761
243,4,"Bowdoin",40405.9523908,-1026662.56937588,2894820.25437717
244,4,"Bowdoin",40405.9523908,-1008149.03254412,2894820.25437717
245,4,"Bowdoin",40405.9523908,-989635.495712353,2894820.25437717
246,4,"Bowdoin",40405.9523908,-971121.958880589,2894820.25437717
247,4,"Bowdoin",40405.9523908,-952608.422048824,2894820.25437717
248,4,"Bowdoin",40405.9523908,-934094.885217059,2894820.25437717
249,4,"Bowdoin",40405.9523908,-915581.348385295,2894820.25437717
250,4,"Bowdoin",40405.9523908,-897067.81155353,2894820.25437717
251,4,"Bowdoin",40405.9523908,-878554.274721765,2894820.25437717
252,4,"Bowdoin",40405.9523908,-860040.73789,2894820.25437717
253,4,"Bowdoin",40405.9523908,-841527.201058236,2894820.25437717
254,4,"Bowdoin",40405.9523908,-823013.664226471,2894820.25437717
255,4,"Bowdoin",40405.9523908,-804500.127394706,2894820.25437717
256,4,"Bowdoin",40405.9523908,-785986.590562942,2894820.25437717
257,4,"Bowdoin",40405.9523908,-767473.053731177,2894820.25437717
258,4,"Bowdoin",40405.9523908,-748959.516899412,2894820.25437717
259,4,"Bowdoin",40405.9523908,-1008149.03254412,2876335.04329674
260,4,"Bowdoin",40405.9523908,-989635.495712353,2876335.04329674
261,4,"Bowdoin",40405.9523908,-971121.958880589,2876335.04329674
262,4,"Bowdoin",40405.9523908,-952608.422048824,2876335.04329674
263,4,"Bowdoin",40405.9523908,-934094.885217059,2876335.04329674
264,4,"Bowdoin",40405.9523908,-915581.348385295,2876335.04329674
265,4,"Bowdoin",40405.9523908,-897067.81155353,2876335.04329674
266,4,"Bowdoin",40405.9523908,-878554.274721765,2876335.04329674
267,4,"Bowdoin",40405.9523908,-860040.73789,2876335.04329674
268,4,"Bowdoin",40405.9523908,-841527.201058236,2876335.04329674
269,4,"Bowdoin",40405.9523908,-823013.664226471,2876335.04329674
270,4,"Bowdoin",40405.9523908,-804500.127394706,2876335.04329674
271,4,"Bowdoin",40405.9523908,-785986.590562942,2876335.04329674
272,4,"Bowdoin",40405.9523908,-767473.053731177,2876335.04329674
273,4,"Bowdoin",40405.9523908,-748959.516899412,2876335.04329674
274,4,"Bowdoin",40405.9523908,-730445.980067647,2876335.04329674
275,4,"Bowdoin",40405.9523908,-1008149.03254412,2857849.8322163
276,4,"Bowdoin",40405.9523908,-989635.495712353,2857849.8322163
277,4,"Bowdoin",40405.9523908,-971121.958880589,2857849.8322163
278,4,"Bowdoin",40405.9523908,-952608.422048824,2857849.8322163
279,4,"Bowdoin",40405.9523908,-934094.885217059,2857849.8322163
280,4,"Bowdoin",40405.9523908,-915581.348385295,2857849.8322163
281,4,"Bowdoin",40405.9523908,-897067.81155353,2857849.8322163
282,4,"Bowdoin",40405.9523908,-878554.274721765,2857849.8322163
283,4,"Bowdoin",40405.9523908,-860040.73789,2857849.8322163
284,4,"Bowdoin",40405.9523908,-841527.201058236,2857849.8322163
285,4,"Bowdoin",40405.9523908,-823013.664226471,2857849.8322163
286,4,"Bowdoin",40405.9523908,-804500.127394706,2857849.8322163
287,4,"Bowdoin",40405.9523908,-785986.590562942,2857849.8322163
288,4,"Bowdoin",40405.9523908,-767473.053731177,2857849.8322163
289,4,"Bowdoin",40405.9523908,-748959.516899412,2857849.8322163
290,4,"Bowdoin",40405.9523908,-1008149.03254412,2839364.62113587
291,4,"Bowdoin",40405.9523908,-989635.495712353,2839364.62113587
292,4,"Bowdoin",40405.9523908,-971121.958880589,2839364.62113587
293,4,"Bowdoin",40405.9523908,-952608.422048824,2839364.62113587
294,4,"Bowdoin",40405.9523908,-934094.885217059,2839364.62113587
295,4,"Bowdoin",40405.9523908,-915581.348385295,2839364.62113587
296,4,"Bowdoin",40405.9523908,-897067.81155353,2839364.62113587
297,4,"Bowdoin",40405.9523908,-878554.274721765,2839364.62113587
298,4,"Bowdoin",40405.9523908,-860040.73789,2839364.62113587
299,4,"Bowdoin",40405.9523908,-841527.201058236,2839364.62113587
300,4,"Bowdoin",40405.9523908,-823013.664226471,2839364.62113587
301,4,"Bowdoin",40405.9523908,-804500.127394706,2839364.62113587
302,4,"Bowdoin",40405.9523908,-785986.590562942,2839364.62113587
303,4,"Bowdoin",40405.9523908,-767473.053731177,2839364.62113587
304,4,"Bowdoin",40405.9523908,-748959.516899412,2839364.62113587
305,4,"Bowdoin",40405.9523908,-1008149.03254412,2820879.41005543
306,4,"Bowdoin",40405.9523908,-971121.958880589,2820879.41005543
307,4,"Bowdoin",40405.9523908,-952608.422048824,2820879.41005543
308,4,"Bowdoin",40405.9523908,-934094.885217059,2820879.41005543
309,4,"Bowdoin",40405.9523908,-915581.348385295,2820879.41005543
310,4,"Bowdoin",40405.9523908,-897067.81155353,2820879.41005543
311,4,"Bowdoin",40405.9523908,-878554.274721765,2820879.41005543
312,4,"Bowdoin",40405.9523908,-860040.73789,2820879.41005543
313,4,"Bowdoin",40405.9523908,-841527.201058236,2820879.41005543
314,4,"Bowdoin",40405.9523908,-823013.664226471,2820879.41005543
315,4,"Bowdoin",40405.9523908,-804500.127394706,2820879.41005543
316,4,"Bowdoin",40405.9523908,-785986.590562942,2820879.41005543
317,4,"Bowdoin",40405.9523908,-748959.516899412,2820879.41005543
318,4,"Bowdoin",40405.9523908,-952608.422048824,2802394.198975
319,4,"Bowdoin",40405.9523908,-934094.885217059,2802394.198975
320,4,"Bowdoin",40405.9523908,-915581.348385295,2802394.198975
321,4,"Bowdoin",40405.9523908,-897067.81155353,2802394.198975
322,4,"Bowdoin",40405.9523908,-878554.274721765,2802394.198975
323,4,"Bowdoin",40405.9523908,-860040.73789,2802394.198975
324,4,"Bowdoin",40405.9523908,-841527.201058236,2802394.198975
325,4,"Bowdoin",40405.9523908,-823013.664226471,2802394.198975
326,4,"Bowdoin",40405.9523908,-804500.127394706,2802394.198975
327,4,"Bowdoin",40405.9523908,-897067.81155353,2783908.98789456
328,5,"Crosby Lostwood",17709.5946275,-582337.68541353,2894820.25437717
329,5,"Crosby Lostwood",17709.5946275,-563824.148581765,2894820.25437717
330,5,"Crosby Lostwood",17709.5946275,-545310.61175,2894820.25437717
331,5,"Crosby Lostwood",17709.5946275,-526797.074918235,2894820.25437717
332,5,"Crosby Lostwood",17709.5946275,-508283.538086471,2894820.25437717
333,5,"Crosby Lostwood",17709.5946275,-489770.001254706,2894820.25437717
334,5,"Crosby Lostwood",17709.5946275,-471256.464422941,2894820.25437717
335,5,"Crosby Lostwood",17709.5946275,-452742.927591177,2894820.25437717
336,5,"Crosby Lostwood",17709.5946275,-582337.68541353,2876335.04329674
337,5,"Crosby Lostwood",17709.5946275,-563824.148581765,2876335.04329674
338,5,"Crosby Lostwood",17709.5946275,-545310.61175,2876335.04329674
339,5,"Crosby Lostwood",17709.5946275,-526797.074918235,2876335.04329674
340,5,"Crosby Lostwood",17709.5946275,-508283.538086471,2876335.04329674
341,5,"Crosby Lostwood",17709.5946275,-489770.001254706,2876335.04329674
342,5,"Crosby Lostwood",17709.5946275,-471256.464422941,2876335.04329674
343,5,"Crosby Lostwood",17709.5946275,-452742.927591177,2876335.04329674
344,5,"Crosby Lostwood",17709.5946275,-582337.68541353,2857849.8322163
345,5,"Crosby Lostwood",17709.5946275,-563824.148581765,2857849.8322163
346,5,"Crosby Lostwood",17709.5946275,-545310.61175,2857849.8322163
347,5,"Crosby Lostwood",17709.5946275,-526797.074918235,2857849.8322163
348,5,"Crosby Lostwood",17709.5946275,-508283.538086471,2857849.8322163
349,5,"Crosby Lostwood",17709.5946275,-489770.001254706,2857849.8322163
350,5,"Crosby Lostwood",17709.5946275,-471256.464422941,2857849.8322163
351,5,"Crosby Lostwood",17709.5946275,-452742.927591177,2857849.8322163
352,5,"Crosby Lostwood",17709.5946275,-600851.222245294,2839364.62113587
353,5,"Crosby Lostwood",17709.5946275,-582337.68541353,2839364.62113587
354,5,"Crosby Lostwood",17709.5946275,-563824.148581765,2839364.62113587
355,5,"Crosby Lostwood",17709.5946275,-545310.61175,2839364.62113587
356,5,"Crosby Lostwood",17709.5946275,-526797.074918235,2839364.62113587
357,5,"Crosby Lostwood",17709.5946275,-508283.538086471,2839364.62113587
358,5,"Crosby Lostwood",17709.5946275,-489770.001254706,2839364.62113587
359,5,"Crosby Lostwood",17709.5946275,-471256.464422941,2839364.62113587
360,5,"Crosby Lostwood",17709.5946275,-452742.927591177,2839364.62113587
361,5,"Crosby Lostwood",17709.5946275,-600851.222245294,2820879.41005543
362,5,"Crosby Lostwood",17709.5946275,-582337.68541353,2820879.41005543
363,5,"Crosby Lostwood",17709.5946275,-563824.148581765,2820879.41005543
364,5,"Crosby Lostwood",17709.5946275,-545310.61175,2820879.41005543
365,5,"Crosby Lostwood",17709.5946275,-526797.074918235,2820879.41005543
366,5,"Crosby Lostwood",17709.5946275,-508283.538086471,2820879.41005543
367,5,"Crosby Lostwood",17709.5946275,-489770.001254706,2820879.41005543
368,5,"Crosby Lostwood",17709.5946275,-471256.464422941,2820879.41005543
369,5,"Crosby Lostwood",17709.5946275,-452742.927591177,2820879.41005543
370,5,"Crosby Lostwood",17709.5946275,-600851.222245294,2802394.198975
371,5,"Crosby Lostwood",17709.5946275,-563824.148581765,2802394.198975
372,5,"Crosby Lostwood",17709.5946275,-489770.001254706,2802394.198975
373,5,"Crosby Lostwood",17709.5946275,-471256.464422941,2802394.198975
374,5,"Crosby Lostwood",17709.5946275,-452742.927591177,2802394.198975
375,5,"Crosby Lostwood",17709.5946275,-489770.001254706,2783908.98789456
376,5,"Crosby Lostwood",17709.5946275,-471256.464422941,2783908.98789456
377,5,"Crosby Lostwood",17709.5946275,-452742.927591177,2783908.98789456
378,6,"Detroit Lakes",12809.7210466,-63958.6541241174,2783908.98789456
379,6,"Detroit Lakes",12809.7210466,-45445.1172923527,2783908.98789456
380,6,"Detroit Lakes",12809.7210466,-63958.6541241174,2765423.77681413
381,6,"Detroit Lakes",12809.7210466,-45445.1172923527,2765423.77681413
382,6,"Detroit Lakes",12809.7210466,28609.0300347062,2765423.77681413
383,6,"Detroit Lakes",12809.7210466,-63958.6541241174,2746938.5657337
384,6,"Detroit Lakes",12809.7210466,-45445.1172923527,2746938.5657337
385,6,"Detroit Lakes",12809.7210466,-26931.580460588,2746938.5657337
386,6,"Detroit Lakes",12809.7210466,-8418.04362882324,2746938.5657337
387,6,"Detroit Lakes",12809.7210466,10095.4932029415,2746938.5657337
388,6,"Detroit Lakes",12809.7210466,28609.0300347062,2746938.5657337
389,6,"Detroit Lakes",12809.7210466,-63958.6541241174,2728453.35465326
390,6,"Detroit Lakes",12809.7210466,-45445.1172923527,2728453.35465326
391,6,"Detroit Lakes",12809.7210466,-26931.580460588,2728453.35465326
392,6,"Detroit Lakes",12809.7210466,-8418.04362882324,2728453.35465326
393,6,"Detroit Lakes",12809.7210466,10095.4932029415,2728453.35465326
394,6,"Detroit Lakes",12809.7210466,28609.0300347062,2728453.35465326
395,6,"Detroit Lakes",12809.7210466,-63958.6541241174,2709968.14357283
396,6,"Detroit Lakes",12809.7210466,-45445.1172923527,2709968.14357283
397,6,"Detroit Lakes",12809.7210466,-26931.580460588,2709968.14357283
398,6,"Detroit Lakes",12809.7210466,-8418.04362882324,2709968.14357283
399,6,"Detroit Lakes",12809.7210466,10095.4932029415,2709968.14357283
400,6,"Detroit Lakes",12809.7210466,28609.0300347062,2709968.14357283
401,6,"Detroit Lakes",12809.7210466,-45445.1172923527,2691482.93249239
402,6,"Detroit Lakes",12809.7210466,-26931.580460588,2691482.93249239
403,6,"Detroit Lakes",12809.7210466,-8418.04362882324,2691482.93249239
404,6,"Detroit Lakes",12809.7210466,10095.4932029415,2691482.93249239
405,6,"Detroit Lakes",12809.7210466,-45445.1172923527,2672997.72141196
406,6,"Detroit Lakes",12809.7210466,-26931.580460588,2672997.72141196
407,6,"Detroit Lakes",12809.7210466,-8418.04362882324,2672997.72141196
408,6,"Detroit Lakes",12809.7210466,10095.4932029415,2672997.72141196
409,6,"Detroit Lakes",12809.7210466,-45445.1172923527,2654512.51033152
410,6,"Detroit Lakes",12809.7210466,-26931.580460588,2654512.51033152
411,6,"Detroit Lakes",12809.7210466,-8418.04362882324,2654512.51033152
412,6,"Detroit Lakes",12809.7210466,10095.4932029415,2654512.51033152
413,6,"Detroit Lakes",12809.7210466,-45445.1172923527,2636027.29925109
414,6,"Detroit Lakes",12809.7210466,-26931.580460588,2636027.29925109
415,7,"Devils Lake",26303.0328163,-249094.022441765,2876335.04329674
416,7,"Devils Lake",26303.0328163,-230580.48561,2876335.04329674
417,7,"Devils Lake",26303.0328163,-212066.948778235,2876335.04329674
418,7,"Devils Lake",26303.0328163,-193553.41194647,2876335.04329674
419,7,"Devils Lake",26303.0328163,-175039.875114706,2876335.04329674
420,7,"Devils Lake",26303.0328163,-156526.338282941,2876335.04329674
421,7,"Devils Lake",26303.0328163,-138012.801451176,2876335.04329674
422,7,"Devils Lake",26303.0328163,-119499.264619412,2876335.04329674
423,7,"Devils Lake",26303.0328163,-100985.727787647,2876335.04329674
424,7,"Devils Lake",26303.0328163,-249094.022441765,2857849.8322163
425,7,"Devils Lake",26303.0328163,-230580.48561,2857849.8322163
426,7,"Devils Lake",26303.0328163,-212066.948778235,2857849.8322163
427,7,"Devils Lake",26303.0328163,-193553.41194647,2857849.8322163
428,7,"Devils Lake",26303.0328163,-175039.875114706,2857849.8322163
429,7,"Devils Lake",26303.0328163,-156526.338282941,2857849.8322163
430,7,"Devils Lake",26303.0328163,-138012.801451176,2857849.8322163
431,7,"Devils Lake",26303.0328163,-119499.264619412,2857849.8322163
432,7,"Devils Lake",26303.0328163,-100985.727787647,2857849.8322163
433,7,"Devils Lake",26303.0328163,-249094.022441765,2839364.62113587
434,7,"Devils Lake",26303.0328163,-230580.48561,2839364.62113587
435,7,"Devils Lake",26303.0328163,-212066.948778235,2839364.62113587
436,7,"Devils Lake",26303.0328163,-193553.41194647,2839364.62113587
437,7,"Devils Lake",26303.0328163,-175039.875114706,2839364.62113587
438,7,"Devils Lake",26303.0328163,-156526.338282941,2839364.62113587
439,7,"Devils Lake",26303.0328163,-138012.801451176,2839364.62113587
440,7,"Devils Lake",26303.0328163,-119499.264619412,2839364.62113587
441,7,"Devils Lake",26303.0328163,-100985.727787647,2839364.62113587
442,7,"Devils Lake",26303.0328163,-286121.096105294,2820879.41005543
443,7,"Devils Lake",26303.0328163,-267607.559273529,2820879.41005543
444,7,"Devils Lake",26303.0328163,-249094.022441765,2820879.41005543
445,7,"Devils Lake",26303.0328163,-230580.48561,2820879.41005543
446,7,"Devils Lake",26303.0328163,-212066.948778235,2820879.41005543
447,7,"Devils Lake",26303.0328163,-193553.41194647,2820879.41005543
448,7,"Devils Lake",26303.0328163,-175039.875114706,2820879.41005543
449,7,"Devils Lake",26303.0328163,-156526.338282941,2820879.41005543
450,7,"Devils Lake",26303.0328163,-138012.801451176,2820879.41005543
451,7,"Devils Lake",26303.0328163,-119499.264619412,2820879.41005543
452,7,"Devils Lake",26303.0328163,-100985.727787647,2820879.41005543
453,7,"Devils Lake",26303.0328163,-286121.096105294,2802394.198975
454,7,"Devils Lake",26303.0328163,-267607.559273529,2802394.198975
455,7,"Devils Lake",26303.0328163,-249094.022441765,2802394.198975
456,7,"Devils Lake",26303.0328163,-230580.48561,2802394.198975
457,7,"Devils Lake",26303.0328163,-212066.948778235,2802394.198975
458,7,"Devils Lake",26303.0328163,-193553.41194647,2802394.198975
459,7,"Devils Lake",26303.0328163,-175039.875114706,2802394.198975
460,7,"Devils Lake",26303.0328163,-156526.338282941,2802394.198975
461,7,"Devils Lake",26303.0328163,-138012.801451176,2802394.198975
462,7,"Devils Lake",26303.0328163,-119499.264619412,2802394.198975
463,7,"Devils Lake",26303.0328163,-100985.727787647,2802394.198975
464,7,"Devils Lake",26303.0328163,-286121.096105294,2783908.98789456
465,7,"Devils Lake",26303.0328163,-267607.559273529,2783908.98789456
466,7,"Devils Lake",26303.0328163,-249094.022441765,2783908.98789456
467,7,"Devils Lake",26303.0328163,-230580.48561,2783908.98789456
468,7,"Devils Lake",26303.0328163,-212066.948778235,2783908.98789456
469,7,"Devils Lake",26303.0328163,-193553.41194647,2783908.98789456
470,7,"Devils Lake",26303.0328163,-175039.875114706,2783908.98789456
471,7,"Devils Lake",26303.0328163,-156526.338282941,2783908.98789456
472,7,"Devils Lake",26303.0328163,-138012.801451176,2783908.98789456
473,7,"Devils Lake",26303.0328163,-119499.264619412,2783908.98789456
474,7,"Devils Lake",26303.0328163,-100985.727787647,2783908.98789456
475,7,"Devils Lake",26303.0328163,-82472.1909558821,2783908.98789456
476,7,"Devils Lake",26303.0328163,-230580.48561,2765423.77681413
477,7,"Devils Lake",26303.0328163,-212066.948778235,2765423.77681413
478,7,"Devils Lake",26303.0328163,-193553.41194647,2765423.77681413
479,7,"Devils Lake",26303.0328163,-175039.875114706,2765423.77681413
480,7,"Devils Lake",26303.0328163,-156526.338282941,2765423.77681413
481,7,"Devils Lake",26303.0328163,-138012.801451176,2765423.77681413
482,7,"Devils Lake",26303.0328163,-119499.264619412,2765423.77681413
483,7,"Devils Lake",26303.0328163,-100985.727787647,2765423.77681413
484,7,"Devils Lake",26303.0328163,-82472.1909558821,2765423.77681413
485,7,"Devils Lake",26303.0328163,-175039.875114706,2746938.5657337
486,7,"Devils Lake",26303.0328163,-156526.338282941,2746938.5657337
487,7,"Devils Lake",26303.0328163,-138012.801451176,2746938.5657337
488,7,"Devils Lake",26303.0328163,-119499.264619412,2746938.5657337
489,7,"Devils Lake",26303.0328163,-100985.727787647,2746938.5657337
490,7,"Devils Lake",26303.0328163,-82472.1909558821,2746938.5657337
491,8,"Fergus Falls",5943.11886294,-8418.04362882324,2636027.29925109
492,8,"Fergus Falls",5943.11886294,-45445.1172923527,2617542.08817065
493,8,"Fergus Falls",5943.11886294,-26931.580460588,2617542.08817065
494,8,"Fergus Falls",5943.11886294,-8418.04362882324,2617542.08817065
495,8,"Fergus Falls",5943.11886294,-45445.1172923527,2599056.87709022
496,8,"Fergus Falls",5943.11886294,-26931.580460588,2599056.87709022
497,8,"Fergus Falls",5943.11886294,-8418.04362882324,2599056.87709022
498,8,"Fergus Falls",5943.11886294,-45445.1172923527,2580571.66600978
499,8,"Fergus Falls",5943.11886294,-26931.580460588,2580571.66600978
500,8,"Fergus Falls",5943.11886294,-8418.04362882324,2580571.66600978
501,8,"Fergus Falls",5943.11886294,-26931.580460588,2562086.45492935
502,8,"Fergus Falls",5943.11886294,-8418.04362882324,2562086.45492935
503,8,"Fergus Falls",5943.11886294,10095.4932029415,2562086.45492935
504,8,"Fergus Falls",5943.11886294,-8418.04362882324,2543601.24384891
505,8,"Fergus Falls",5943.11886294,10095.4932029415,2543601.24384891
506,8,"Fergus Falls",5943.11886294,28609.0300347062,2543601.24384891
507,8,"Fergus Falls",5943.11886294,47122.5668664709,2543601.24384891
508,9,"Huron",18215.4563826,-341661.706600588,2432689.9773663
509,9,"Huron",18215.4563826,-323148.169768824,2432689.9773663
510,9,"Huron",18215.4563826,-304634.632937059,2432689.9773663
511,9,"Huron",18215.4563826,-286121.096105294,2432689.9773663
512,9,"Huron",18215.4563826,-267607.559273529,2432689.9773663
513,9,"Huron",18215.4563826,-249094.022441765,2432689.9773663
514,9,"Huron",18215.4563826,-230580.48561,2432689.9773663
515,9,"Huron",18215.4563826,-360175.243432353,2414204.76628587
516,9,"Huron",18215.4563826,-341661.706600588,2414204.76628587
517,9,"Huron",18215.4563826,-323148.169768824,2414204.76628587
518,9,"Huron",18215.4563826,-304634.632937059,2414204.76628587
519,9,"Huron",18215.4563826,-286121.096105294,2414204.76628587
520,9,"Huron",18215.4563826,-267607.559273529,2414204.76628587
521,9,"Huron",18215.4563826,-249094.022441765,2414204.76628587
522,9,"Huron",18215.4563826,-230580.48561,2414204.76628587
523,9,"Huron",18215.4563826,-360175.243432353,2395719.55520543
524,9,"Huron",18215.4563826,-341661.706600588,2395719.55520543
525,9,"Huron",18215.4563826,-323148.169768824,2395719.55520543
526,9,"Huron",18215.4563826,-304634.632937059,2395719.55520543
527,9,"Huron",18215.4563826,-286121.096105294,2395719.55520543
528,9,"Huron",18215.4563826,-267607.559273529,2395719.55520543
529,9,"Huron",18215.4563826,-249094.022441765,2395719.55520543
530,9,"Huron",18215.4563826,-230580.48561,2395719.55520543
531,9,"Huron",18215.4563826,-212066.948778235,2395719.55520543
532,9,"Huron",18215.4563826,-193553.41194647,2395719.55520543
533,9,"Huron",18215.4563826,-175039.875114706,2395719.55520543
534,9,"Huron",18215.4563826,-156526.338282941,2395719.55520543
535,9,"Huron",18215.4563826,-323148.169768824,2377234.344125
536,9,"Huron",18215.4563826,-304634.632937059,2377234.344125
537,9,"Huron",18215.4563826,-286121.096105294,2377234.344125
538,9,"Huron",18215.4563826,-267607.559273529,2377234.344125
539,9,"Huron",18215.4563826,-249094.022441765,2377234.344125
540,9,"Huron",18215.4563826,-230580.48561,2377234.344125
541,9,"Huron",18215.4563826,-212066.948778235,2377234.344125
542,9,"Huron",18215.4563826,-193553.41194647,2377234.344125
543,9,"Huron",18215.4563826,-175039.875114706,2377234.344125
544,9,"Huron",18215.4563826,-156526.338282941,2377234.344125
545,9,"Huron",18215.4563826,-304634.632937059,2358749.13304457
546,9,"Huron",18215.4563826,-267607.559273529,2358749.13304457
547,9,"Huron",18215.4563826,-249094.022441765,2358749.13304457
548,9,"Huron",18215.4563826,-230580.48561,2358749.13304457
549,9,"Huron",18215.4563826,-212066.948778235,2358749.13304457
550,9,"Huron",18215.4563826,-193553.41194647,2358749.13304457
551,9,"Huron",18215.4563826,-175039.875114706,2358749.13304457
552,9,"Huron",18215.4563826,-156526.338282941,2358749.13304457
553,9,"Huron",18215.4563826,-267607.559273529,2340263.92196413
554,9,"Huron",18215.4563826,-249094.022441765,2340263.92196413
555,9,"Huron",18215.4563826,-230580.48561,2340263.92196413
556,9,"Huron",18215.4563826,-212066.948778235,2340263.92196413
557,9,"Huron",18215.4563826,-193553.41194647,2340263.92196413
558,9,"Huron",18215.4563826,-175039.875114706,2340263.92196413
559,9,"Huron",18215.4563826,-156526.338282941,2340263.92196413
560,9,"Huron",18215.4563826,-175039.875114706,2321778.7108837
561,9,"Huron",18215.4563826,-156526.338282941,2321778.7108837
562,10,"Iowa",13659.709077,28609.0300347062,2266323.07764239
563,10,"Iowa",13659.709077,47122.5668664709,2266323.07764239
564,10,"Iowa",13659.709077,65636.1036982356,2266323.07764239
565,10,"Iowa",13659.709077,84149.6405300004,2266323.07764239
566,10,"Iowa",13659.709077,102663.177361765,2266323.07764239
567,10,"Iowa",13659.709077,121176.71419353,2266323.07764239
568,10,"Iowa",13659.709077,139690.251025295,2266323.07764239
569,10,"Iowa",13659.709077,158203.787857059,2266323.07764239
570,10,"Iowa",13659.709077,176717.324688824,2266323.07764239
571,10,"Iowa",13659.709077,195230.861520589,2266323.07764239
572,10,"Iowa",13659.709077,213744.398352353,2266323.07764239
573,10,"Iowa",13659.709077,232257.935184118,2266323.07764239
574,10,"Iowa",13659.709077,65636.1036982356,2247837.86656196
575,10,"Iowa",13659.709077,84149.6405300004,2247837.86656196
576,10,"Iowa",13659.709077,102663.177361765,2247837.86656196
577,10,"Iowa",13659.709077,121176.71419353,2247837.86656196
578,10,"Iowa",13659.709077,139690.251025295,2247837.86656196
579,10,"Iowa",13659.709077,158203.787857059,2247837.86656196
580,10,"Iowa",13659.709077,176717.324688824,2247837.86656196
581,10,"Iowa",13659.709077,195230.861520589,2247837.86656196
582,10,"Iowa",13659.709077,213744.398352353,2247837.86656196
583,10,"Iowa",13659.709077,232257.935184118,2247837.86656196
584,10,"Iowa",13659.709077,65636.1036982356,2229352.65548152
585,10,"Iowa",13659.709077,84149.6405300004,2229352.65548152
586,10,"Iowa",13659.709077,102663.177361765,2229352.65548152
587,10,"Iowa",13659.709077,121176.71419353,2229352.65548152
588,10,"Iowa",13659.709077,139690.251025295,2229352.65548152
589,10,"Iowa",13659.709077,158203.787857059,2229352.65548152
590,10,"Iowa",13659.709077,176717.324688824,2229352.65548152
591,10,"Iowa",13659.709077,195230.861520589,2229352.65548152
592,10,"Iowa",13659.709077,213744.398352353,2229352.65548152
593,10,"Iowa",13659.709077,232257.935184118,2229352.65548152
594,11,"J. Clark Salyer",16895.3014452,-434229.390759412,2894820.25437717
595,11,"J. Clark Salyer",16895.3014452,-415715.853927647,2894820.25437717
596,11,"J. Clark Salyer",16895.3014452,-397202.317095882,2894820.25437717
597,11,"J. Clark Salyer",16895.3014452,-378688.780264118,2894820.25437717
598,11,"J. Clark Salyer",16895.3014452,-360175.243432353,2894820.25437717
599,11,"J. Clark Salyer",16895.3014452,-341661.706600588,2894820.25437717
600,11,"J. Clark Salyer",16895.3014452,-323148.169768824,2894820.25437717
601,11,"J. Clark Salyer",16895.3014452,-434229.390759412,2876335.04329674
602,11,"J. Clark Salyer",16895.3014452,-415715.853927647,2876335.04329674
603,11,"J. Clark Salyer",16895.3014452,-397202.317095882,2876335.04329674
604,11,"J. Clark Salyer",16895.3014452,-378688.780264118,2876335.04329674
605,11,"J. Clark Salyer",16895.3014452,-360175.243432353,2876335.04329674
606,11,"J. Clark Salyer",16895.3014452,-341661.706600588,2876335.04329674
607,11,"J. Clark Salyer",16895.3014452,-323148.169768824,2876335.04329674
608,11,"J. Clark Salyer",16895.3014452,-304634.632937059,2876335.04329674
609,11,"J. Clark Salyer",16895.3014452,-286121.096105294,2876335.04329674
610,11,"J. Clark Salyer",16895.3014452,-267607.559273529,2876335.04329674
611,11,"J. Clark Salyer",16895.3014452,-434229.390759412,2857849.8322163
612,11,"J. Clark Salyer",16895.3014452,-415715.853927647,2857849.8322163
613,11,"J. Clark Salyer",16895.3014452,-397202.317095882,2857849.8322163
614,11,"J. Clark Salyer",16895.3014452,-378688.780264118,2857849.8322163
615,11,"J. Clark Salyer",16895.3014452,-360175.243432353,2857849.8322163
616,11,"J. Clark Salyer",16895.3014452,-341661.706600588,2857849.8322163
617,11,"J. Clark Salyer",16895.3014452,-323148.169768824,2857849.8322163
618,11,"J. Clark Salyer",16895.3014452,-304634.632937059,2857849.8322163
619,11,"J. Clark Salyer",16895.3014452,-286121.096105294,2857849.8322163
620,11,"J. Clark Salyer",16895.3014452,-267607.559273529,2857849.8322163
621,11,"J. Clark Salyer",16895.3014452,-378688.780264118,2839364.62113587
622,11,"J. Clark Salyer",16895.3014452,-360175.243432353,2839364.62113587
623,11,"J. Clark Salyer",16895.3014452,-341661.706600588,2839364.62113587
624,11,"J. Clark Salyer",16895.3014452,-323148.169768824,2839364.62113587
625,11,"J. Clark Salyer",16895.3014452,-304634.632937059,2839364.62113587
626,11,"J. Clark Salyer",16895.3014452,-286121.096105294,2839364.62113587
627,11,"J. Clark Salyer",16895.3014452,-267607.559273529,2839364.62113587
628,11,"J. Clark Salyer",16895.3014452,-360175.243432353,2820879.41005543
629,11,"J. Clark Salyer",16895.3014452,-341661.706600588,2820879.41005543
630,11,"J. Clark Salyer",16895.3014452,-323148.169768824,2820879.41005543
631,11,"J. Clark Salyer",16895.3014452,-304634.632937059,2820879.41005543
632,11,"J. Clark Salyer",16895.3014452,-360175.243432353,2802394.198975
633,11,"J. Clark Salyer",16895.3014452,-341661.706600588,2802394.198975
634,11,"J. Clark Salyer",16895.3014452,-323148.169768824,2802394.198975
635,11,"J. Clark Salyer",16895.3014452,-304634.632937059,2802394.198975
636,11,"J. Clark Salyer",16895.3014452,-360175.243432353,2783908.98789456
637,11,"J. Clark Salyer",16895.3014452,-341661.706600588,2783908.98789456
638,11,"J. Clark Salyer",16895.3014452,-323148.169768824,2783908.98789456
639,11,"J. Clark Salyer",16895.3014452,-304634.632937059,2783908.98789456
640,12,"Kulm",11134.3632315,-286121.096105294,2617542.08817065
641,12,"Kulm",11134.3632315,-267607.559273529,2617542.08817065
642,12,"Kulm",11134.3632315,-249094.022441765,2617542.08817065
643,12,"Kulm",11134.3632315,-230580.48561,2617542.08817065
644,12,"Kulm",11134.3632315,-212066.948778235,2617542.08817065
645,12,"Kulm",11134.3632315,-193553.41194647,2617542.08817065
646,12,"Kulm",11134.3632315,-175039.875114706,2617542.08817065
647,12,"Kulm",11134.3632315,-156526.338282941,2617542.08817065
648,12,"Kulm",11134.3632315,-286121.096105294,2599056.87709022
649,12,"Kulm",11134.3632315,-267607.559273529,2599056.87709022
650,12,"Kulm",11134.3632315,-249094.022441765,2599056.87709022
651,12,"Kulm",11134.3632315,-230580.48561,2599056.87709022
652,12,"Kulm",11134.3632315,-212066.948778235,2599056.87709022
653,12,"Kulm",11134.3632315,-193553.41194647,2599056.87709022
654,12,"Kulm",11134.3632315,-175039.875114706,2599056.87709022
655,12,"Kulm",11134.3632315,-286121.096105294,2580571.66600978
656,12,"Kulm",11134.3632315,-267607.559273529,2580571.66600978
657,12,"Kulm",11134.3632315,-249094.022441765,2580571.66600978
658,12,"Kulm",11134.3632315,-230580.48561,2580571.66600978
659,12,"Kulm",11134.3632315,-212066.948778235,2580571.66600978
660,12,"Kulm",11134.3632315,-193553.41194647,2580571.66600978
661,12,"Kulm",11134.3632315,-175039.875114706,2580571.66600978
662,12,"Kulm",11134.3632315,-156526.338282941,2580571.66600978
663,12,"Kulm",11134.3632315,-286121.096105294,2562086.45492935
664,12,"Kulm",11134.3632315,-267607.559273529,2562086.45492935
665,12,"Kulm",11134.3632315,-249094.022441765,2562086.45492935
666,12,"Kulm",11134.3632315,-230580.48561,2562086.45492935
667,12,"Kulm",11134.3632315,-212066.948778235,2562086.45492935
668,12,"Kulm",11134.3632315,-193553.41194647,2562086.45492935
669,12,"Kulm",11134.3632315,-175039.875114706,2562086.45492935
670,12,"Kulm",11134.3632315,-156526.338282941,2562086.45492935
671,13,"Lake Andes",20780.8523136,-249094.022441765,2321778.7108837
672,13,"Lake Andes",20780.8523136,-230580.48561,2321778.7108837
673,13,"Lake Andes",20780.8523136,-212066.948778235,2321778.7108837
674,13,"Lake Andes",20780.8523136,-193553.41194647,2321778.7108837
675,13,"Lake Andes",20780.8523136,-267607.559273529,2303293.49980326
676,13,"Lake Andes",20780.8523136,-249094.022441765,2303293.49980326
677,13,"Lake Andes",20780.8523136,-230580.48561,2303293.49980326
678,13,"Lake Andes",20780.8523136,-212066.948778235,2303293.49980326
679,13,"Lake Andes",20780.8523136,-193553.41194647,2303293.49980326
680,13,"Lake Andes",20780.8523136,-175039.875114706,2303293.49980326
681,13,"Lake Andes",20780.8523136,-156526.338282941,2303293.49980326
682,13,"Lake Andes",20780.8523136,-138012.801451176,2303293.49980326
683,13,"Lake Andes",20780.8523136,-249094.022441765,2284808.28872283
684,13,"Lake Andes",20780.8523136,-230580.48561,2284808.28872283
685,13,"Lake Andes",20780.8523136,-212066.948778235,2284808.28872283
686,13,"Lake Andes",20780.8523136,-193553.41194647,2284808.28872283
687,13,"Lake Andes",20780.8523136,-175039.875114706,2284808.28872283
688,13,"Lake Andes",20780.8523136,-156526.338282941,2284808.28872283
689,13,"Lake Andes",20780.8523136,-138012.801451176,2284808.28872283
690,13,"Lake Andes",20780.8523136,-249094.022441765,2266323.07764239
691,13,"Lake Andes",20780.8523136,-230580.48561,2266323.07764239
692,13,"Lake Andes",20780.8523136,-212066.948778235,2266323.07764239
693,13,"Lake Andes",20780.8523136,-193553.41194647,2266323.07764239
694,13,"Lake Andes",20780.8523136,-175039.875114706,2266323.07764239
695,13,"Lake Andes",20780.8523136,-156526.338282941,2266323.07764239
696,13,"Lake Andes",20780.8523136,-138012.801451176,2266323.07764239
697,13,"Lake Andes",20780.8523136,-119499.264619412,2266323.07764239
698,13,"Lake Andes",20780.8523136,-100985.727787647,2266323.07764239
699,13,"Lake Andes",20780.8523136,-82472.1909558821,2266323.07764239
700,13,"Lake Andes",20780.8523136,-63958.6541241174,2266323.07764239
701,13,"Lake Andes",20780.8523136,-45445.1172923527,2266323.07764239
702,13,"Lake Andes",20780.8523136,-230580.48561,2247837.86656196
703,13,"Lake Andes",20780.8523136,-212066.948778235,2247837.86656196
704,13,"Lake Andes",20780.8523136,-193553.41194647,2247837.86656196
705,13,"Lake Andes",20780.8523136,-175039.875114706,2247837.86656196
706,13,"Lake Andes",20780.8523136,-156526.338282941,2247837.86656196
707,13,"Lake Andes",20780.8523136,-138012.801451176,2247837.86656196
708,13,"Lake Andes",20780.8523136,-119499.264619412,2247837.86656196
709,13,"Lake Andes",20780.8523136,-100985.727787647,2247837.86656196
710,13,"Lake Andes",20780.8523136,-82472.1909558821,2247837.86656196
711,13,"Lake Andes",20780.8523136,-63958.6541241174,2247837.86656196
712,13,"Lake Andes",20780.8523136,-45445.1172923527,2247837.86656196
713,13,"Lake Andes",20780.8523136,-193553.41194647,2229352.65548152
714,13,"Lake Andes",20780.8523136,-175039.875114706,2229352.65548152
715,13,"Lake Andes",20780.8523136,-156526.338282941,2229352.65548152
716,13,"Lake Andes",20780.8523136,-138012.801451176,2229352.65548152
717,13,"Lake Andes",20780.8523136,-119499.264619412,2229352.65548152
718,13,"Lake Andes",20780.8523136,-100985.727787647,2229352.65548152
719,13,"Lake Andes",20780.8523136,-82472.1909558821,2229352.65548152
720,13,"Lake Andes",20780.8523136,-63958.6541241174,2229352.65548152
721,13,"Lake Andes",20780.8523136,-45445.1172923527,2229352.65548152
722,13,"Lake Andes",20780.8523136,-175039.875114706,2210867.44440109
723,13,"Lake Andes",20780.8523136,-156526.338282941,2210867.44440109
724,13,"Lake Andes",20780.8523136,-138012.801451176,2210867.44440109
725,13,"Lake Andes",20780.8523136,-119499.264619412,2210867.44440109
726,13,"Lake Andes",20780.8523136,-100985.727787647,2210867.44440109
727,13,"Lake Andes",20780.8523136,-82472.1909558821,2210867.44440109
728,13,"Lake Andes",20780.8523136,-63958.6541241174,2210867.44440109
729,13,"Lake Andes",20780.8523136,-45445.1172923527,2210867.44440109
730,13,"Lake Andes",20780.8523136,-63958.6541241174,2192382.23332065
731,13,"Lake Andes",20780.8523136,-45445.1172923527,2173897.02224022
732,14,"Litchfield",11278.6584305,84149.6405300004,2525116.03276848
733,14,"Litchfield",11278.6584305,84149.6405300004,2506630.82168804
734,14,"Litchfield",11278.6584305,65636.1036982356,2488145.61060761
735,14,"Litchfield",11278.6584305,84149.6405300004,2488145.61060761
736,14,"Litchfield",11278.6584305,65636.1036982356,2469660.39952717
737,14,"Litchfield",11278.6584305,84149.6405300004,2469660.39952717
738,14,"Litchfield",11278.6584305,102663.177361765,2469660.39952717
739,14,"Litchfield",11278.6584305,10095.4932029415,2451175.18844674
740,14,"Litchfield",11278.6584305,28609.0300347062,2451175.18844674
741,14,"Litchfield",11278.6584305,47122.5668664709,2451175.18844674
742,14,"Litchfield",11278.6584305,65636.1036982356,2451175.18844674
743,14,"Litchfield",11278.6584305,84149.6405300004,2451175.18844674
744,14,"Litchfield",11278.6584305,102663.177361765,2451175.18844674
745,14,"Litchfield",11278.6584305,28609.0300347062,2432689.9773663
746,14,"Litchfield",11278.6584305,47122.5668664709,2432689.9773663
747,14,"Litchfield",11278.6584305,65636.1036982356,2432689.9773663
748,14,"Litchfield",11278.6584305,84149.6405300004,2432689.9773663
749,14,"Litchfield",11278.6584305,102663.177361765,2432689.9773663
750,14,"Litchfield",11278.6584305,121176.71419353,2432689.9773663
751,14,"Litchfield",11278.6584305,65636.1036982356,2414204.76628587
752,14,"Litchfield",11278.6584305,84149.6405300004,2414204.76628587
753,14,"Litchfield",11278.6584305,102663.177361765,2414204.76628587
754,14,"Litchfield",11278.6584305,121176.71419353,2414204.76628587
755,14,"Litchfield",11278.6584305,84149.6405300004,2395719.55520543
756,14,"Litchfield",11278.6584305,102663.177361765,2395719.55520543
757,14,"Litchfield",11278.6584305,121176.71419353,2395719.55520543
758,14,"Litchfield",11278.6584305,139690.251025295,2395719.55520543
759,14,"Litchfield",11278.6584305,121176.71419353,2377234.344125
760,14,"Litchfield",11278.6584305,139690.251025295,2377234.344125
761,14,"Litchfield",11278.6584305,158203.787857059,2377234.344125
762,15,"Long Lake",12059.585018,-360175.243432353,2709968.14357283
763,15,"Long Lake",12059.585018,-341661.706600588,2709968.14357283
764,15,"Long Lake",12059.585018,-323148.169768824,2709968.14357283
765,15,"Long Lake",12059.585018,-304634.632937059,2709968.14357283
766,15,"Long Lake",12059.585018,-360175.243432353,2691482.93249239
767,15,"Long Lake",12059.585018,-341661.706600588,2691482.93249239
768,15,"Long Lake",12059.585018,-323148.169768824,2691482.93249239
769,15,"Long Lake",12059.585018,-304634.632937059,2691482.93249239
770,15,"Long Lake",12059.585018,-286121.096105294,2691482.93249239
771,15,"Long Lake",12059.585018,-267607.559273529,2691482.93249239
772,15,"Long Lake",12059.585018,-360175.243432353,2672997.72141196
773,15,"Long Lake",12059.585018,-341661.706600588,2672997.72141196
774,15,"Long Lake",12059.585018,-323148.169768824,2672997.72141196
775,15,"Long Lake",12059.585018,-304634.632937059,2672997.72141196
776,15,"Long Lake",12059.585018,-286121.096105294,2672997.72141196
777,15,"Long Lake",12059.585018,-267607.559273529,2672997.72141196
778,15,"Long Lake",12059.585018,-360175.243432353,2654512.51033152
779,15,"Long Lake",12059.585018,-341661.706600588,2654512.51033152
780,15,"Long Lake",12059.585018,-323148.169768824,2654512.51033152
781,15,"Long Lake",12059.585018,-304634.632937059,2654512.51033152
782,15,"Long Lake",12059.585018,-286121.096105294,2654512.51033152
783,15,"Long Lake",12059.585018,-267607.559273529,2654512.51033152
784,15,"Long Lake",12059.585018,-341661.706600588,2636027.29925109
785,15,"Long Lake",12059.585018,-323148.169768824,2636027.29925109
786,15,"Long Lake",12059.585018,-304634.632937059,2636027.29925109
787,15,"Long Lake",12059.585018,-286121.096105294,2636027.29925109
788,15,"Long Lake",12059.585018,-267607.559273529,2636027.29925109
789,15,"Long Lake",12059.585018,-341661.706600588,2617542.08817065
790,15,"Long Lake",12059.585018,-323148.169768824,2617542.08817065
791,15,"Long Lake",12059.585018,-304634.632937059,2617542.08817065
792,15,"Long Lake",12059.585018,-341661.706600588,2599056.87709022
793,15,"Long Lake",12059.585018,-323148.169768824,2599056.87709022
794,15,"Long Lake",12059.585018,-304634.632937059,2599056.87709022
795,15,"Long Lake",12059.585018,-341661.706600588,2580571.66600978
796,15,"Long Lake",12059.585018,-323148.169768824,2580571.66600978
797,15,"Long Lake",12059.585018,-304634.632937059,2580571.66600978
798,15,"Long Lake",12059.585018,-341661.706600588,2562086.45492935
799,15,"Long Lake",12059.585018,-323148.169768824,2562086.45492935
800,15,"Long Lake",12059.585018,-304634.632937059,2562086.45492935
801,16,"Madison",15286.1446409,-63958.6541241174,2432689.9773663
802,16,"Madison",15286.1446409,-45445.1172923527,2432689.9773663
803,16,"Madison",15286.1446409,-100985.727787647,2414204.76628587
804,16,"Madison",15286.1446409,-82472.1909558821,2414204.76628587
805,16,"Madison",15286.1446409,-63958.6541241174,2414204.76628587
806,16,"Madison",15286.1446409,-45445.1172923527,2414204.76628587
807,16,"Madison",15286.1446409,-138012.801451176,2395719.55520543
808,16,"Madison",15286.1446409,-119499.264619412,2395719.55520543
809,16,"Madison",15286.1446409,-100985.727787647,2395719.55520543
810,16,"Madison",15286.1446409,-82472.1909558821,2395719.55520543
811,16,"Madison",15286.1446409,-63958.6541241174,2395719.55520543
812,16,"Madison",15286.1446409,-45445.1172923527,2395719.55520543
813,16,"Madison",15286.1446409,-138012.801451176,2377234.344125
814,16,"Madison",15286.1446409,-119499.264619412,2377234.344125
815,16,"Madison",15286.1446409,-100985.727787647,2377234.344125
816,16,"Madison",15286.1446409,-82472.1909558821,2377234.344125
817,16,"Madison",15286.1446409,-63958.6541241174,2377234.344125
818,16,"Madison",15286.1446409,-45445.1172923527,2377234.344125
819,16,"Madison",15286.1446409,-138012.801451176,2358749.13304457
820,16,"Madison",15286.1446409,-119499.264619412,2358749.13304457
821,16,"Madison",15286.1446409,-100985.727787647,2358749.13304457
822,16,"Madison",15286.1446409,-82472.1909558821,2358749.13304457
823,16,"Madison",15286.1446409,-63958.6541241174,2358749.13304457
824,16,"Madison",15286.1446409,-45445.1172923527,2358749.13304457
825,16,"Madison",15286.1446409,-138012.801451176,2340263.92196413
826,16,"Madison",15286.1446409,-119499.264619412,2340263.92196413
827,16,"Madison",15286.1446409,-100985.727787647,2340263.92196413
828,16,"Madison",15286.1446409,-82472.1909558821,2340263.92196413
829,16,"Madison",15286.1446409,-63958.6541241174,2340263.92196413
830,16,"Madison",15286.1446409,-45445.1172923527,2340263.92196413
831,16,"Madison",15286.1446409,-138012.801451176,2321778.7108837
832,16,"Madison",15286.1446409,-119499.264619412,2321778.7108837
833,16,"Madison",15286.1446409,-100985.727787647,2321778.7108837
834,16,"Madison",15286.1446409,-82472.1909558821,2321778.7108837
835,16,"Madison",15286.1446409,-63958.6541241174,2321778.7108837
836,16,"Madison",15286.1446409,-45445.1172923527,2321778.7108837
837,16,"Madison",15286.1446409,-119499.264619412,2303293.49980326
838,16,"Madison",15286.1446409,-100985.727787647,2303293.49980326
839,16,"Madison",15286.1446409,-82472.1909558821,2303293.49980326
840,16,"Madison",15286.1446409,-63958.6541241174,2303293.49980326
841,16,"Madison",15286.1446409,-45445.1172923527,2303293.49980326
842,16,"Madison",15286.1446409,-119499.264619412,2284808.28872283
843,16,"Madison",15286.1446409,-100985.727787647,2284808.28872283
844,16,"Madison",15286.1446409,-82472.1909558821,2284808.28872283
845,16,"Madison",15286.1446409,-63958.6541241174,2284808.28872283
846,16,"Madison",15286.1446409,-45445.1172923527,2284808.28872283
847,17,"Morris",12172.4721418,-26931.580460588,2543601.24384891
848,17,"Morris",12172.4721418,-45445.1172923527,2525116.03276848
849,17,"Morris",12172.4721418,-26931.580460588,2525116.03276848
850,17,"Morris",12172.4721418,-8418.04362882324,2525116.03276848
851,17,"Morris",12172.4721418,10095.4932029415,2525116.03276848
852,17,"Morris",12172.4721418,28609.0300347062,2525116.03276848
853,17,"Morris",12172.4721418,47122.5668664709,2525116.03276848
854,17,"Morris",12172.4721418,65636.1036982356,2525116.03276848
855,17,"Morris",12172.4721418,-45445.1172923527,2506630.82168804
856,17,"Morris",12172.4721418,-26931.580460588,2506630.82168804
857,17,"Morris",12172.4721418,-8418.04362882324,2506630.82168804
858,17,"Morris",12172.4721418,10095.4932029415,2506630.82168804
859,17,"Morris",12172.4721418,28609.0300347062,2506630.82168804
860,17,"Morris",12172.4721418,47122.5668664709,2506630.82168804
861,17,"Morris",12172.4721418,65636.1036982356,2506630.82168804
862,17,"Morris",12172.4721418,-26931.580460588,2488145.61060761
863,17,"Morris",12172.4721418,-8418.04362882324,2488145.61060761
864,17,"Morris",12172.4721418,10095.4932029415,2488145.61060761
865,17,"Morris",12172.4721418,28609.0300347062,2488145.61060761
866,17,"Morris",12172.4721418,47122.5668664709,2488145.61060761
867,17,"Morris",12172.4721418,-26931.580460588,2469660.39952717
868,17,"Morris",12172.4721418,-8418.04362882324,2469660.39952717
869,17,"Morris",12172.4721418,10095.4932029415,2469660.39952717
870,17,"Morris",12172.4721418,28609.0300347062,2469660.39952717
871,17,"Morris",12172.4721418,47122.5668664709,2469660.39952717
872,17,"Morris",12172.4721418,-26931.580460588,2451175.18844674
873,17,"Morris",12172.4721418,-8418.04362882324,2451175.18844674
874,17,"Morris",12172.4721418,-26931.580460588,2432689.9773663
875,17,"Morris",12172.4721418,-8418.04362882324,2432689.9773663
876,17,"Morris",12172.4721418,10095.4932029415,2432689.9773663
877,17,"Morris",12172.4721418,-26931.580460588,2414204.76628587
878,17,"Morris",12172.4721418,-8418.04362882324,2414204.76628587
879,17,"Morris",12172.4721418,10095.4932029415,2414204.76628587
880,17,"Morris",12172.4721418,28609.0300347062,2414204.76628587
881,17,"Morris",12172.4721418,47122.5668664709,2414204.76628587
882,17,"Morris",12172.4721418,47122.5668664709,2395719.55520543
883,18,"Northeast Montana",14250.3145563,-748959.516899412,2913305.46545761
884,18,"Northeast Montana",14250.3145563,-730445.980067647,2913305.46545761
885,18,"Northeast Montana",14250.3145563,-711932.443235883,2913305.46545761
886,18,"Northeast Montana",14250.3145563,-693418.906404118,2913305.46545761
887,18,"Northeast Montana",14250.3145563,-674905.369572353,2913305.46545761
888,18,"Northeast Montana",14250.3145563,-656391.832740589,2913305.46545761
889,18,"Northeast Montana",14250.3145563,-637878.295908824,2913305.46545761
890,18,"Northeast Montana",14250.3145563,-619364.759077059,2913305.46545761
891,18,"Northeast Montana",14250.3145563,-600851.222245294,2913305.46545761
892,18,"Northeast Montana",14250.3145563,-730445.980067647,2894820.25437717
893,18,"Northeast Montana",14250.3145563,-711932.443235883,2894820.25437717
894,18,"Northeast Montana",14250.3145563,-693418.906404118,2894820.25437717
895,18,"Northeast Montana",14250.3145563,-674905.369572353,2894820.25437717
896,18,"Northeast Montana",14250.3145563,-656391.832740589,2894820.25437717
897,18,"Northeast Montana",14250.3145563,-637878.295908824,2894820.25437717
898,18,"Northeast Montana",14250.3145563,-619364.759077059,2894820.25437717
899,18,"Northeast Montana",14250.3145563,-600851.222245294,2894820.25437717
900,18,"Northeast Montana",14250.3145563,-711932.443235883,2876335.04329674
901,18,"Northeast Montana",14250.3145563,-693418.906404118,2876335.04329674
902,18,"Northeast Montana",14250.3145563,-674905.369572353,2876335.04329674
903,18,"Northeast Montana",14250.3145563,-656391.832740589,2876335.04329674
904,18,"Northeast Montana",14250.3145563,-637878.295908824,2876335.04329674
905,18,"Northeast Montana",14250.3145563,-619364.759077059,2876335.04329674
906,18,"Northeast Montana",14250.3145563,-600851.222245294,2876335.04329674
907,18,"Northeast Montana",14250.3145563,-730445.980067647,2857849.8322163
908,18,"Northeast Montana",14250.3145563,-711932.443235883,2857849.8322163
909,18,"Northeast Montana",14250.3145563,-693418.906404118,2857849.8322163
910,18,"Northeast Montana",14250.3145563,-674905.369572353,2857849.8322163
911,18,"Northeast Montana",14250.3145563,-656391.832740589,2857849.8322163
912,18,"Northeast Montana",14250.3145563,-637878.295908824,2857849.8322163
913,18,"Northeast Montana",14250.3145563,-619364.759077059,2857849.8322163
914,18,"Northeast Montana",14250.3145563,-600851.222245294,2857849.8322163
915,18,"Northeast Montana",14250.3145563,-730445.980067647,2839364.62113587
916,18,"Northeast Montana",14250.3145563,-711932.443235883,2839364.62113587
917,18,"Northeast Montana",14250.3145563,-693418.906404118,2839364.62113587
918,18,"Northeast Montana",14250.3145563,-674905.369572353,2839364.62113587
919,18,"Northeast Montana",14250.3145563,-656391.832740589,2839364.62113587
920,18,"Northeast Montana",14250.3145563,-637878.295908824,2839364.62113587
921,18,"Northeast Montana",14250.3145563,-619364.759077059,2839364.62113587
922,18,"Northeast Montana",14250.3145563,-730445.980067647,2820879.41005543
923,18,"Northeast Montana",14250.3145563,-674905.369572353,2820879.41005543
924,18,"Northeast Montana",14250.3145563,-637878.295908824,2820879.41005543
925,18,"Northeast Montana",14250.3145563,-619364.759077059,2820879.41005543
926,19,"Roseau",11197.1521178,-82472.1909558821,2876335.04329674
927,19,"Roseau",11197.1521178,-63958.6541241174,2876335.04329674
928,19,"Roseau",11197.1521178,-45445.1172923527,2876335.04329674
929,19,"Roseau",11197.1521178,-26931.580460588,2876335.04329674
930,19,"Roseau",11197.1521178,-8418.04362882324,2876335.04329674
931,19,"Roseau",11197.1521178,-82472.1909558821,2857849.8322163
932,19,"Roseau",11197.1521178,-63958.6541241174,2857849.8322163
933,19,"Roseau",11197.1521178,-45445.1172923527,2857849.8322163
934,19,"Roseau",11197.1521178,-26931.580460588,2857849.8322163
935,19,"Roseau",11197.1521178,-8418.04362882324,2857849.8322163
936,19,"Roseau",11197.1521178,-82472.1909558821,2839364.62113587
937,19,"Roseau",11197.1521178,-63958.6541241174,2839364.62113587
938,19,"Roseau",11197.1521178,-45445.1172923527,2839364.62113587
939,19,"Roseau",11197.1521178,-26931.580460588,2839364.62113587
940,19,"Roseau",11197.1521178,-8418.04362882324,2839364.62113587
941,19,"Roseau",11197.1521178,10095.4932029415,2839364.62113587
942,19,"Roseau",11197.1521178,-82472.1909558821,2820879.41005543
943,19,"Roseau",11197.1521178,-63958.6541241174,2820879.41005543
944,19,"Roseau",11197.1521178,-45445.1172923527,2820879.41005543
945,19,"Roseau",11197.1521178,-26931.580460588,2820879.41005543
946,19,"Roseau",11197.1521178,-8418.04362882324,2820879.41005543
947,19,"Roseau",11197.1521178,10095.4932029415,2820879.41005543
948,19,"Roseau",11197.1521178,-82472.1909558821,2802394.198975
949,19,"Roseau",11197.1521178,-63958.6541241174,2802394.198975
950,19,"Roseau",11197.1521178,-45445.1172923527,2802394.198975
951,19,"Roseau",11197.1521178,-26931.580460588,2802394.198975
952,19,"Roseau",11197.1521178,-8418.04362882324,2802394.198975
953,19,"Roseau",11197.1521178,10095.4932029415,2802394.198975
954,19,"Roseau",11197.1521178,-26931.580460588,2783908.98789456
955,19,"Roseau",11197.1521178,-8418.04362882324,2783908.98789456
956,19,"Roseau",11197.1521178,10095.4932029415,2783908.98789456
957,19,"Roseau",11197.1521178,28609.0300347062,2783908.98789456
958,19,"Roseau",11197.1521178,-26931.580460588,2765423.77681413
959,19,"Roseau",11197.1521178,-8418.04362882324,2765423.77681413
960,19,"Roseau",11197.1521178,10095.4932029415,2765423.77681413
961,20,"Sand Lake",23214.8767249,-323148.169768824,2543601.24384891
962,20,"Sand Lake",23214.8767249,-304634.632937059,2543601.24384891
963,20,"Sand Lake",23214.8767249,-286121.096105294,2543601.24384891
964,20,"Sand Lake",23214.8767249,-267607.559273529,2543601.24384891
965,20,"Sand Lake",23214.8767249,-249094.022441765,2543601.24384891
966,20,"Sand Lake",23214.8767249,-230580.48561,2543601.24384891
967,20,"Sand Lake",23214.8767249,-212066.948778235,2543601.24384891
968,20,"Sand Lake",23214.8767249,-193553.41194647,2543601.24384891
969,20,"Sand Lake",23214.8767249,-175039.875114706,2543601.24384891
970,20,"Sand Lake",23214.8767249,-156526.338282941,2543601.24384891
971,20,"Sand Lake",23214.8767249,-341661.706600588,2525116.03276848
972,20,"Sand Lake",23214.8767249,-323148.169768824,2525116.03276848
973,20,"Sand Lake",23214.8767249,-304634.632937059,2525116.03276848
974,20,"Sand Lake",23214.8767249,-286121.096105294,2525116.03276848
975,20,"Sand Lake",23214.8767249,-267607.559273529,2525116.03276848
976,20,"Sand Lake",23214.8767249,-249094.022441765,2525116.03276848
977,20,"Sand Lake",23214.8767249,-230580.48561,2525116.03276848
978,20,"Sand Lake",23214.8767249,-212066.948778235,2525116.03276848
979,20,"Sand Lake",23214.8767249,-193553.41194647,2525116.03276848
980,20,"Sand Lake",23214.8767249,-175039.875114706,2525116.03276848
981,20,"Sand Lake",23214.8767249,-156526.338282941,2525116.03276848
982,20,"Sand Lake",23214.8767249,-323148.169768824,2506630.82168804
983,20,"Sand Lake",23214.8767249,-304634.632937059,2506630.82168804
984,20,"Sand Lake",23214.8767249,-286121.096105294,2506630.82168804
985,20,"Sand Lake",23214.8767249,-267607.559273529,2506630.82168804
986,20,"Sand Lake",23214.8767249,-249094.022441765,2506630.82168804
987,20,"Sand Lake",23214.8767249,-230580.48561,2506630.82168804
988,20,"Sand Lake",23214.8767249,-212066.948778235,2506630.82168804
989,20,"Sand Lake",23214.8767249,-193553.41194647,2506630.82168804
990,20,"Sand Lake",23214.8767249,-175039.875114706,2506630.82168804
991,20,"Sand Lake",23214.8767249,-156526.338282941,2506630.82168804
992,20,"Sand Lake",23214.8767249,-323148.169768824,2488145.61060761
993,20,"Sand Lake",23214.8767249,-304634.632937059,2488145.61060761
994,20,"Sand Lake",23214.8767249,-286121.096105294,2488145.61060761
995,20,"Sand Lake",23214.8767249,-267607.559273529,2488145.61060761
996,20,"Sand Lake",23214.8767249,-249094.022441765,2488145.61060761
997,20,"Sand Lake",23214.8767249,-230580.48561,2488145.61060761
998,20,"Sand Lake",23214.8767249,-212066.948778235,2488145.61060761
999,20,"Sand Lake",23214.8767249,-193553.41194647,2488145.61060761
1000,20,"Sand Lake",23214.8767249,-175039.875114706,2488145.61060761
1001,20,"Sand Lake",23214.8767249,-156526.338282941,2488145.61060761
1002,20,"Sand Lake",23214.8767249,-323148.169768824,2469660.39952717
1003,20,"Sand Lake",23214.8767249,-304634.632937059,2469660.39952717
1004,20,"Sand Lake",23214.8767249,-286121.096105294,2469660.39952717
1005,20,"Sand Lake",23214.8767249,-267607.559273529,2469660.39952717
1006,20,"Sand Lake",23214.8767249,-249094.022441765,2469660.39952717
1007,20,"Sand Lake",23214.8767249,-230580.48561,2469660.39952717
1008,20,"Sand Lake",23214.8767249,-212066.948778235,2469660.39952717
1009,20,"Sand Lake",23214.8767249,-193553.41194647,2469660.39952717
1010,20,"Sand Lake",23214.8767249,-175039.875114706,2469660.39952717
1011,20,"Sand Lake",23214.8767249,-156526.338282941,2469660.39952717
1012,20,"Sand Lake",23214.8767249,-341661.706600588,2451175.18844674
1013,20,"Sand Lake",23214.8767249,-323148.169768824,2451175.18844674
1014,20,"Sand Lake",23214.8767249,-304634.632937059,2451175.18844674
1015,20,"Sand Lake",23214.8767249,-286121.096105294,2451175.18844674
1016,20,"Sand Lake",23214.8767249,-267607.559273529,2451175.18844674
1017,20,"Sand Lake",23214.8767249,-249094.022441765,2451175.18844674
1018,20,"Sand Lake",23214.8767249,-230580.48561,2451175.18844674
1019,20,"Sand Lake",23214.8767249,-212066.948778235,2451175.18844674
1020,20,"Sand Lake",23214.8767249,-193553.41194647,2451175.18844674
1021,20,"Sand Lake",23214.8767249,-175039.875114706,2451175.18844674
1022,20,"Sand Lake",23214.8767249,-156526.338282941,2451175.18844674
1023,20,"Sand Lake",23214.8767249,-212066.948778235,2432689.9773663
1024,20,"Sand Lake",23214.8767249,-193553.41194647,2432689.9773663
1025,20,"Sand Lake",23214.8767249,-175039.875114706,2432689.9773663
1026,20,"Sand Lake",23214.8767249,-156526.338282941,2432689.9773663
1027,20,"Sand Lake",23214.8767249,-212066.948778235,2414204.76628587
1028,20,"Sand Lake",23214.8767249,-193553.41194647,2414204.76628587
1029,20,"Sand Lake",23214.8767249,-175039.875114706,2414204.76628587
1030,20,"Sand Lake",23214.8767249,-156526.338282941,2414204.76628587
1031,21,"Tewaukon",8226.02163651,-138012.801451176,2617542.08817065
1032,21,"Tewaukon",8226.02163651,-119499.264619412,2617542.08817065
1033,21,"Tewaukon",8226.02163651,-100985.727787647,2617542.08817065
1034,21,"Tewaukon",8226.02163651,-82472.1909558821,2617542.08817065
1035,21,"Tewaukon",8226.02163651,-63958.6541241174,2617542.08817065
1036,21,"Tewaukon",8226.02163651,-156526.338282941,2599056.87709022
1037,21,"Tewaukon",8226.02163651,-138012.801451176,2599056.87709022
1038,21,"Tewaukon",8226.02163651,-119499.264619412,2599056.87709022
1039,21,"Tewaukon",8226.02163651,-100985.727787647,2599056.87709022
1040,21,"Tewaukon",8226.02163651,-82472.1909558821,2599056.87709022
1041,21,"Tewaukon",8226.02163651,-63958.6541241174,2599056.87709022
1042,21,"Tewaukon",8226.02163651,-138012.801451176,2580571.66600978
1043,21,"Tewaukon",8226.02163651,-119499.264619412,2580571.66600978
1044,21,"Tewaukon",8226.02163651,-100985.727787647,2580571.66600978
1045,21,"Tewaukon",8226.02163651,-82472.1909558821,2580571.66600978
1046,21,"Tewaukon",8226.02163651,-63958.6541241174,2580571.66600978
1047,21,"Tewaukon",8226.02163651,-138012.801451176,2562086.45492935
1048,21,"Tewaukon",8226.02163651,-119499.264619412,2562086.45492935
1049,21,"Tewaukon",8226.02163651,-100985.727787647,2562086.45492935
1050,21,"Tewaukon",8226.02163651,-82472.1909558821,2562086.45492935
1051,21,"Tewaukon",8226.02163651,-63958.6541241174,2562086.45492935
1052,21,"Tewaukon",8226.02163651,-45445.1172923527,2562086.45492935
1053,22,"Valley City",14441.0645055,-175039.875114706,2728453.35465326
1054,22,"Valley City",14441.0645055,-156526.338282941,2728453.35465326
1055,22,"Valley City",14441.0645055,-138012.801451176,2728453.35465326
1056,22,"Valley City",14441.0645055,-119499.264619412,2728453.35465326
1057,22,"Valley City",14441.0645055,-100985.727787647,2728453.35465326
1058,22,"Valley City",14441.0645055,-82472.1909558821,2728453.35465326
1059,22,"Valley City",14441.0645055,-175039.875114706,2709968.14357283
1060,22,"Valley City",14441.0645055,-156526.338282941,2709968.14357283
1061,22,"Valley City",14441.0645055,-138012.801451176,2709968.14357283
1062,22,"Valley City",14441.0645055,-119499.264619412,2709968.14357283
1063,22,"Valley City",14441.0645055,-100985.727787647,2709968.14357283
1064,22,"Valley City",14441.0645055,-82472.1909558821,2709968.14357283
1065,22,"Valley City",14441.0645055,-175039.875114706,2691482.93249239
1066,22,"Valley City",14441.0645055,-156526.338282941,2691482.93249239
1067,22,"Valley City",14441.0645055,-138012.801451176,2691482.93249239
1068,22,"Valley City",14441.0645055,-119499.264619412,2691482.93249239
1069,22,"Valley City",14441.0645055,-100985.727787647,2691482.93249239
1070,22,"Valley City",14441.0645055,-82472.1909558821,2691482.93249239
1071,22,"Valley City",14441.0645055,-63958.6541241174,2691482.93249239
1072,22,"Valley City",14441.0645055,-175039.875114706,2672997.72141196
1073,22,"Valley City",14441.0645055,-156526.338282941,2672997.72141196
1074,22,"Valley City",14441.0645055,-138012.801451176,2672997.72141196
1075,22,"Valley City",14441.0645055,-119499.264619412,2672997.72141196
1076,22,"Valley City",14441.0645055,-100985.727787647,2672997.72141196
1077,22,"Valley City",14441.0645055,-82472.1909558821,2672997.72141196
1078,22,"Valley City",14441.0645055,-63958.6541241174,2672997.72141196
1079,22,"Valley City",14441.0645055,-175039.875114706,2654512.51033152
1080,22,"Valley City",14441.0645055,-156526.338282941,2654512.51033152
1081,22,"Valley City",14441.0645055,-138012.801451176,2654512.51033152
1082,22,"Valley City",14441.0645055,-119499.264619412,2654512.51033152
1083,22,"Valley City",14441.0645055,-100985.727787647,2654512.51033152
1084,22,"Valley City",14441.0645055,-82472.1909558821,2654512.51033152
1085,22,"Valley City",14441.0645055,-63958.6541241174,2654512.51033152
1086,22,"Valley City",14441.0645055,-175039.875114706,2636027.29925109
1087,22,"Valley City",14441.0645055,-156526.338282941,2636027.29925109
1088,22,"Valley City",14441.0645055,-138012.801451176,2636027.29925109
1089,22,"Valley City",14441.0645055,-119499.264619412,2636027.29925109
1090,22,"Valley City",14441.0645055,-100985.727787647,2636027.29925109
1091,22,"Valley City",14441.0645055,-82472.1909558821,2636027.29925109
1092,22,"Valley City",14441.0645055,-63958.6541241174,2636027.29925109
1093,23,"Waubay",14206.8289554,-138012.801451176,2543601.24384891
1094,23,"Waubay",14206.8289554,-119499.264619412,2543601.24384891
1095,23,"Waubay",14206.8289554,-100985.727787647,2543601.24384891
1096,23,"Waubay",14206.8289554,-82472.1909558821,2543601.24384891
1097,23,"Waubay",14206.8289554,-63958.6541241174,2543601.24384891
1098,23,"Waubay",14206.8289554,-45445.1172923527,2543601.24384891
1099,23,"Waubay",14206.8289554,-138012.801451176,2525116.03276848
1100,23,"Waubay",14206.8289554,-119499.264619412,2525116.03276848
1101,23,"Waubay",14206.8289554,-100985.727787647,2525116.03276848
1102,23,"Waubay",14206.8289554,-82472.1909558821,2525116.03276848
1103,23,"Waubay",14206.8289554,-63958.6541241174,2525116.03276848
1104,23,"Waubay",14206.8289554,-138012.801451176,2506630.82168804
1105,23,"Waubay",14206.8289554,-119499.264619412,2506630.82168804
1106,23,"Waubay",14206.8289554,-100985.727787647,2506630.82168804
1107,23,"Waubay",14206.8289554,-82472.1909558821,2506630.82168804
1108,23,"Waubay",14206.8289554,-63958.6541241174,2506630.82168804
1109,23,"Waubay",14206.8289554,-138012.801451176,2488145.61060761
1110,23,"Waubay",14206.8289554,-119499.264619412,2488145.61060761
1111,23,"Waubay",14206.8289554,-100985.727787647,2488145.61060761
1112,23,"Waubay",14206.8289554,-82472.1909558821,2488145.61060761
1113,23,"Waubay",14206.8289554,-63958.6541241174,2488145.61060761
1114,23,"Waubay",14206.8289554,-45445.1172923527,2488145.61060761
1115,23,"Waubay",14206.8289554,-138012.801451176,2469660.39952717
1116,23,"Waubay",14206.8289554,-119499.264619412,2469660.39952717
1117,23,"Waubay",14206.8289554,-100985.727787647,2469660.39952717
1118,23,"Waubay",14206.8289554,-82472.1909558821,2469660.39952717
1119,23,"Waubay",14206.8289554,-63958.6541241174,2469660.39952717
1120,23,"Waubay",14206.8289554,-45445.1172923527,2469660.39952717
1121,23,"Waubay",14206.8289554,-138012.801451176,2451175.18844674
1122,23,"Waubay",14206.8289554,-119499.264619412,2451175.18844674
1123,23,"Waubay",14206.8289554,-100985.727787647,2451175.18844674
1124,23,"Waubay",14206.8289554,-82472.1909558821,2451175.18844674
1125,23,"Waubay",14206.8289554,-63958.6541241174,2451175.18844674
1126,23,"Waubay",14206.8289554,-45445.1172923527,2451175.18844674
1127,23,"Waubay",14206.8289554,-138012.801451176,2432689.9773663
1128,23,"Waubay",14206.8289554,-119499.264619412,2432689.9773663
1129,23,"Waubay",14206.8289554,-100985.727787647,2432689.9773663
1130,23,"Waubay",14206.8289554,-82472.1909558821,2432689.9773663
1131,23,"Waubay",14206.8289554,-138012.801451176,2414204.76628587
1132,23,"Waubay",14206.8289554,-119499.264619412,2414204.76628587
1133,24,"Windom",25811.1608365,-26931.580460588,2395719.55520543
1134,24,"Windom",25811.1608365,-8418.04362882324,2395719.55520543
1135,24,"Windom",25811.1608365,10095.4932029415,2395719.55520543
1136,24,"Windom",25811.1608365,28609.0300347062,2395719.55520543
1137,24,"Windom",25811.1608365,65636.1036982356,2395719.55520543
1138,24,"Windom",25811.1608365,-26931.580460588,2377234.344125
1139,24,"Windom",25811.1608365,-8418.04362882324,2377234.344125
1140,24,"Windom",25811.1608365,10095.4932029415,2377234.344125
1141,24,"Windom",25811.1608365,28609.0300347062,2377234.344125
1142,24,"Windom",25811.1608365,47122.5668664709,2377234.344125
1143,24,"Windom",25811.1608365,65636.1036982356,2377234.344125
1144,24,"Windom",25811.1608365,84149.6405300004,2377234.344125
1145,24,"Windom",25811.1608365,102663.177361765,2377234.344125
1146,24,"Windom",25811.1608365,-26931.580460588,2358749.13304457
1147,24,"Windom",25811.1608365,-8418.04362882324,2358749.13304457
1148,24,"Windom",25811.1608365,10095.4932029415,2358749.13304457
1149,24,"Windom",25811.1608365,28609.0300347062,2358749.13304457
1150,24,"Windom",25811.1608365,47122.5668664709,2358749.13304457
1151,24,"Windom",25811.1608365,65636.1036982356,2358749.13304457
1152,24,"Windom",25811.1608365,84149.6405300004,2358749.13304457
1153,24,"Windom",25811.1608365,102663.177361765,2358749.13304457
1154,24,"Windom",25811.1608365,121176.71419353,2358749.13304457
1155,24,"Windom",25811.1608365,139690.251025295,2358749.13304457
1156,24,"Windom",25811.1608365,158203.787857059,2358749.13304457
1157,24,"Windom",25811.1608365,-26931.580460588,2340263.92196413
1158,24,"Windom",25811.1608365,-8418.04362882324,2340263.92196413
1159,24,"Windom",25811.1608365,10095.4932029415,2340263.92196413
1160,24,"Windom",25811.1608365,28609.0300347062,2340263.92196413
1161,24,"Windom",25811.1608365,47122.5668664709,2340263.92196413
1162,24,"Windom",25811.1608365,65636.1036982356,2340263.92196413
1163,24,"Windom",25811.1608365,84149.6405300004,2340263.92196413
1164,24,"Windom",25811.1608365,102663.177361765,2340263.92196413
1165,24,"Windom",25811.1608365,121176.71419353,2340263.92196413
1166,24,"Windom",25811.1608365,139690.251025295,2340263.92196413
1167,24,"Windom",25811.1608365,158203.787857059,2340263.92196413
1168,24,"Windom",25811.1608365,176717.324688824,2340263.92196413
1169,24,"Windom",25811.1608365,-26931.580460588,2321778.7108837
1170,24,"Windom",25811.1608365,-8418.04362882324,2321778.7108837
1171,24,"Windom",25811.1608365,10095.4932029415,2321778.7108837
1172,24,"Windom",25811.1608365,28609.0300347062,2321778.7108837
1173,24,"Windom",25811.1608365,47122.5668664709,2321778.7108837
1174,24,"Windom",25811.1608365,65636.1036982356,2321778.7108837
1175,24,"Windom",25811.1608365,84149.6405300004,2321778.7108837
1176,24,"Windom",25811.1608365,102663.177361765,2321778.7108837
1177,24,"Windom",25811.1608365,121176.71419353,2321778.7108837
1178,24,"Windom",25811.1608365,139690.251025295,2321778.7108837
1179,24,"Windom",25811.1608365,158203.787857059,2321778.7108837
1180,24,"Windom",25811.1608365,176717.324688824,2321778.7108837
1181,24,"Windom",25811.1608365,195230.861520589,2321778.7108837
1182,24,"Windom",25811.1608365,-26931.580460588,2303293.49980326
1183,24,"Windom",25811.1608365,-8418.04362882324,2303293.49980326
1184,24,"Windom",25811.1608365,10095.4932029415,2303293.49980326
1185,24,"Windom",25811.1608365,28609.0300347062,2303293.49980326
1186,24,"Windom",25811.1608365,47122.5668664709,2303293.49980326
1187,24,"Windom",25811.1608365,65636.1036982356,2303293.49980326
1188,24,"Windom",25811.1608365,84149.6405300004,2303293.49980326
1189,24,"Windom",25811.1608365,102663.177361765,2303293.49980326
1190,24,"Windom",25811.1608365,121176.71419353,2303293.49980326
1191,24,"Windom",25811.1608365,139690.251025295,2303293.49980326
1192,24,"Windom",25811.1608365,158203.787857059,2303293.49980326
1193,24,"Windom",25811.1608365,176717.324688824,2303293.49980326
1194,24,"Windom",25811.1608365,195230.861520589,2303293.49980326
1195,24,"Windom",25811.1608365,213744.398352353,2303293.49980326
1196,24,"Windom",25811.1608365,-26931.580460588,2284808.28872283
1197,24,"Windom",25811.1608365,-8418.04362882324,2284808.28872283
1198,24,"Windom",25811.1608365,10095.4932029415,2284808.28872283
1199,24,"Windom",25811.1608365,28609.0300347062,2284808.28872283
1200,24,"Windom",25811.1608365,47122.5668664709,2284808.28872283
1201,24,"Windom",25811.1608365,65636.1036982356,2284808.28872283
1202,24,"Windom",25811.1608365,84149.6405300004,2284808.28872283
1203,24,"Windom",25811.1608365,102663.177361765,2284808.28872283
1204,24,"Windom",25811.1608365,121176.71419353,2284808.28872283
1205,24,"Windom",25811.1608365,139690.251025295,2284808.28872283
1206,24,"Windom",25811.1608365,158203.787857059,2284808.28872283
1207,24,"Windom",25811.1608365,176717.324688824,2284808.28872283
1208,24,"Windom",25811.1608365,195230.861520589,2284808.28872283
1209,24,"Windom",25811.1608365,213744.398352353,2284808.28872283
1210,24,"Windom",25811.1608365,232257.935184118,2284808.28872283
