"eau_id","cell_id","wmd_id_num","wmd_id","area_km2","x_coord","y_coord"
1,1161,1,"Arrowwood",12637.1176739,-304634.632937059,2765423.77681413
2,1162,1,"Arrowwood",12637.1176739,-286121.096105294,2765423.77681413
3,1163,1,"Arrowwood",12637.1176739,-267607.559273529,2765423.77681413
4,1164,1,"Arrowwood",12637.1176739,-249094.022441765,2765423.77681413
5,1246,1,"Arrowwood",12637.1176739,-304634.632937059,2746938.5657337
6,1247,1,"Arrowwood",12637.1176739,-286121.096105294,2746938.5657337
7,1248,1,"Arrowwood",12637.1176739,-267607.559273529,2746938.5657337
8,1249,1,"Arrowwood",12637.1176739,-249094.022441765,2746938.5657337
9,1250,1,"Arrowwood",12637.1176739,-230580.48561,2746938.5657337
10,1251,1,"Arrowwood",12637.1176739,-212066.948778235,2746938.5657337
11,1252,1,"Arrowwood",12637.1176739,-193553.41194647,2746938.5657337
12,1331,1,"Arrowwood",12637.1176739,-304634.632937059,2728453.35465326
13,1332,1,"Arrowwood",12637.1176739,-286121.096105294,2728453.35465326
14,1333,1,"Arrowwood",12637.1176739,-267607.559273529,2728453.35465326
15,1334,1,"Arrowwood",12637.1176739,-249094.022441765,2728453.35465326
16,1335,1,"Arrowwood",12637.1176739,-230580.48561,2728453.35465326
17,1336,1,"Arrowwood",12637.1176739,-212066.948778235,2728453.35465326
18,1337,1,"Arrowwood",12637.1176739,-193553.41194647,2728453.35465326
19,1417,1,"Arrowwood",12637.1176739,-286121.096105294,2709968.14357283
20,1418,1,"Arrowwood",12637.1176739,-267607.559273529,2709968.14357283
21,1419,1,"Arrowwood",12637.1176739,-249094.022441765,2709968.14357283
22,1420,1,"Arrowwood",12637.1176739,-230580.48561,2709968.14357283
23,1421,1,"Arrowwood",12637.1176739,-212066.948778235,2709968.14357283
24,1422,1,"Arrowwood",12637.1176739,-193553.41194647,2709968.14357283
25,1504,1,"Arrowwood",12637.1176739,-249094.022441765,2691482.93249239
26,1505,1,"Arrowwood",12637.1176739,-230580.48561,2691482.93249239
27,1506,1,"Arrowwood",12637.1176739,-212066.948778235,2691482.93249239
28,1507,1,"Arrowwood",12637.1176739,-193553.41194647,2691482.93249239
29,1589,1,"Arrowwood",12637.1176739,-249094.022441765,2672997.72141196
30,1590,1,"Arrowwood",12637.1176739,-230580.48561,2672997.72141196
31,1591,1,"Arrowwood",12637.1176739,-212066.948778235,2672997.72141196
32,1592,1,"Arrowwood",12637.1176739,-193553.41194647,2672997.72141196
33,1674,1,"Arrowwood",12637.1176739,-249094.022441765,2654512.51033152
34,1675,1,"Arrowwood",12637.1176739,-230580.48561,2654512.51033152
35,1676,1,"Arrowwood",12637.1176739,-212066.948778235,2654512.51033152
36,1677,1,"Arrowwood",12637.1176739,-193553.41194647,2654512.51033152
37,1759,1,"Arrowwood",12637.1176739,-249094.022441765,2636027.29925109
38,1760,1,"Arrowwood",12637.1176739,-230580.48561,2636027.29925109
39,1761,1,"Arrowwood",12637.1176739,-212066.948778235,2636027.29925109
40,1762,1,"Arrowwood",12637.1176739,-193553.41194647,2636027.29925109
41,814,2,"Audubon",13116.9944897,-434229.390759412,2839364.62113587
42,815,2,"Audubon",13116.9944897,-415715.853927647,2839364.62113587
43,816,2,"Audubon",13116.9944897,-397202.317095882,2839364.62113587
44,899,2,"Audubon",13116.9944897,-434229.390759412,2820879.41005543
45,900,2,"Audubon",13116.9944897,-415715.853927647,2820879.41005543
46,901,2,"Audubon",13116.9944897,-397202.317095882,2820879.41005543
47,902,2,"Audubon",13116.9944897,-378688.780264118,2820879.41005543
48,984,2,"Audubon",13116.9944897,-434229.390759412,2802394.198975
49,985,2,"Audubon",13116.9944897,-415715.853927647,2802394.198975
50,986,2,"Audubon",13116.9944897,-397202.317095882,2802394.198975
51,987,2,"Audubon",13116.9944897,-378688.780264118,2802394.198975
52,1069,2,"Audubon",13116.9944897,-434229.390759412,2783908.98789456
53,1070,2,"Audubon",13116.9944897,-415715.853927647,2783908.98789456
54,1071,2,"Audubon",13116.9944897,-397202.317095882,2783908.98789456
55,1072,2,"Audubon",13116.9944897,-378688.780264118,2783908.98789456
56,1152,2,"Audubon",13116.9944897,-471256.464422941,2765423.77681413
57,1153,2,"Audubon",13116.9944897,-452742.927591177,2765423.77681413
58,1154,2,"Audubon",13116.9944897,-434229.390759412,2765423.77681413
59,1155,2,"Audubon",13116.9944897,-415715.853927647,2765423.77681413
60,1156,2,"Audubon",13116.9944897,-397202.317095882,2765423.77681413
61,1157,2,"Audubon",13116.9944897,-378688.780264118,2765423.77681413
62,1158,2,"Audubon",13116.9944897,-360175.243432353,2765423.77681413
63,1159,2,"Audubon",13116.9944897,-341661.706600588,2765423.77681413
64,1160,2,"Audubon",13116.9944897,-323148.169768824,2765423.77681413
65,1238,2,"Audubon",13116.9944897,-452742.927591177,2746938.5657337
66,1239,2,"Audubon",13116.9944897,-434229.390759412,2746938.5657337
67,1240,2,"Audubon",13116.9944897,-415715.853927647,2746938.5657337
68,1241,2,"Audubon",13116.9944897,-397202.317095882,2746938.5657337
69,1242,2,"Audubon",13116.9944897,-378688.780264118,2746938.5657337
70,1243,2,"Audubon",13116.9944897,-360175.243432353,2746938.5657337
71,1244,2,"Audubon",13116.9944897,-341661.706600588,2746938.5657337
72,1245,2,"Audubon",13116.9944897,-323148.169768824,2746938.5657337
73,1326,2,"Audubon",13116.9944897,-397202.317095882,2728453.35465326
74,1327,2,"Audubon",13116.9944897,-378688.780264118,2728453.35465326
75,1328,2,"Audubon",13116.9944897,-360175.243432353,2728453.35465326
76,1329,2,"Audubon",13116.9944897,-341661.706600588,2728453.35465326
77,1330,2,"Audubon",13116.9944897,-323148.169768824,2728453.35465326
78,1411,2,"Audubon",13116.9944897,-397202.317095882,2709968.14357283
79,1412,2,"Audubon",13116.9944897,-378688.780264118,2709968.14357283
80,1,3,"Benton Lake",44269.9195261,-1322879.15868412,3005731.52085978
81,2,3,"Benton Lake",44269.9195261,-1304365.62185235,3005731.52085978
82,3,3,"Benton Lake",44269.9195261,-1285852.08502059,3005731.52085978
83,87,3,"Benton Lake",44269.9195261,-1304365.62185235,2987246.30977935
84,88,3,"Benton Lake",44269.9195261,-1285852.08502059,2987246.30977935
85,89,3,"Benton Lake",44269.9195261,-1267338.54818882,2987246.30977935
86,90,3,"Benton Lake",44269.9195261,-1248825.01135706,2987246.30977935
87,91,3,"Benton Lake",44269.9195261,-1230311.4745253,2987246.30977935
88,92,3,"Benton Lake",44269.9195261,-1211797.93769353,2987246.30977935
89,93,3,"Benton Lake",44269.9195261,-1193284.40086177,2987246.30977935
90,172,3,"Benton Lake",44269.9195261,-1304365.62185235,2968761.09869891
91,173,3,"Benton Lake",44269.9195261,-1285852.08502059,2968761.09869891
92,174,3,"Benton Lake",44269.9195261,-1267338.54818882,2968761.09869891
93,175,3,"Benton Lake",44269.9195261,-1248825.01135706,2968761.09869891
94,176,3,"Benton Lake",44269.9195261,-1230311.4745253,2968761.09869891
95,177,3,"Benton Lake",44269.9195261,-1211797.93769353,2968761.09869891
96,178,3,"Benton Lake",44269.9195261,-1193284.40086177,2968761.09869891
97,179,3,"Benton Lake",44269.9195261,-1174770.86403,2968761.09869891
98,180,3,"Benton Lake",44269.9195261,-1156257.32719824,2968761.09869891
99,181,3,"Benton Lake",44269.9195261,-1137743.79036647,2968761.09869891
100,182,3,"Benton Lake",44269.9195261,-1119230.25353471,2968761.09869891
101,183,3,"Benton Lake",44269.9195261,-1100716.71670294,2968761.09869891
102,184,3,"Benton Lake",44269.9195261,-1082203.17987118,2968761.09869891
103,185,3,"Benton Lake",44269.9195261,-1063689.64303941,2968761.09869891
104,258,3,"Benton Lake",44269.9195261,-1285852.08502059,2950275.88761848
105,259,3,"Benton Lake",44269.9195261,-1267338.54818882,2950275.88761848
106,260,3,"Benton Lake",44269.9195261,-1248825.01135706,2950275.88761848
107,261,3,"Benton Lake",44269.9195261,-1230311.4745253,2950275.88761848
108,262,3,"Benton Lake",44269.9195261,-1211797.93769353,2950275.88761848
109,263,3,"Benton Lake",44269.9195261,-1193284.40086177,2950275.88761848
110,264,3,"Benton Lake",44269.9195261,-1174770.86403,2950275.88761848
111,265,3,"Benton Lake",44269.9195261,-1156257.32719824,2950275.88761848
112,266,3,"Benton Lake",44269.9195261,-1137743.79036647,2950275.88761848
113,267,3,"Benton Lake",44269.9195261,-1119230.25353471,2950275.88761848
114,268,3,"Benton Lake",44269.9195261,-1100716.71670294,2950275.88761848
115,269,3,"Benton Lake",44269.9195261,-1082203.17987118,2950275.88761848
116,270,3,"Benton Lake",44269.9195261,-1063689.64303941,2950275.88761848
117,271,3,"Benton Lake",44269.9195261,-1045176.10620765,2950275.88761848
118,343,3,"Benton Lake",44269.9195261,-1285852.08502059,2931790.67653804
119,344,3,"Benton Lake",44269.9195261,-1267338.54818882,2931790.67653804
120,345,3,"Benton Lake",44269.9195261,-1248825.01135706,2931790.67653804
121,346,3,"Benton Lake",44269.9195261,-1230311.4745253,2931790.67653804
122,347,3,"Benton Lake",44269.9195261,-1211797.93769353,2931790.67653804
123,348,3,"Benton Lake",44269.9195261,-1193284.40086177,2931790.67653804
124,349,3,"Benton Lake",44269.9195261,-1174770.86403,2931790.67653804
125,350,3,"Benton Lake",44269.9195261,-1156257.32719824,2931790.67653804
126,351,3,"Benton Lake",44269.9195261,-1137743.79036647,2931790.67653804
127,352,3,"Benton Lake",44269.9195261,-1119230.25353471,2931790.67653804
128,353,3,"Benton Lake",44269.9195261,-1100716.71670294,2931790.67653804
129,354,3,"Benton Lake",44269.9195261,-1082203.17987118,2931790.67653804
130,355,3,"Benton Lake",44269.9195261,-1063689.64303941,2931790.67653804
131,356,3,"Benton Lake",44269.9195261,-1045176.10620765,2931790.67653804
132,429,3,"Benton Lake",44269.9195261,-1267338.54818882,2913305.46545761
133,430,3,"Benton Lake",44269.9195261,-1248825.01135706,2913305.46545761
134,431,3,"Benton Lake",44269.9195261,-1230311.4745253,2913305.46545761
135,432,3,"Benton Lake",44269.9195261,-1211797.93769353,2913305.46545761
136,433,3,"Benton Lake",44269.9195261,-1193284.40086177,2913305.46545761
137,434,3,"Benton Lake",44269.9195261,-1174770.86403,2913305.46545761
138,435,3,"Benton Lake",44269.9195261,-1156257.32719824,2913305.46545761
139,436,3,"Benton Lake",44269.9195261,-1137743.79036647,2913305.46545761
140,437,3,"Benton Lake",44269.9195261,-1119230.25353471,2913305.46545761
141,438,3,"Benton Lake",44269.9195261,-1100716.71670294,2913305.46545761
142,439,3,"Benton Lake",44269.9195261,-1082203.17987118,2913305.46545761
143,440,3,"Benton Lake",44269.9195261,-1063689.64303941,2913305.46545761
144,441,3,"Benton Lake",44269.9195261,-1045176.10620765,2913305.46545761
145,442,3,"Benton Lake",44269.9195261,-1026662.56937588,2913305.46545761
146,515,3,"Benton Lake",44269.9195261,-1248825.01135706,2894820.25437717
147,516,3,"Benton Lake",44269.9195261,-1230311.4745253,2894820.25437717
148,517,3,"Benton Lake",44269.9195261,-1211797.93769353,2894820.25437717
149,518,3,"Benton Lake",44269.9195261,-1193284.40086177,2894820.25437717
150,519,3,"Benton Lake",44269.9195261,-1174770.86403,2894820.25437717
151,520,3,"Benton Lake",44269.9195261,-1156257.32719824,2894820.25437717
152,521,3,"Benton Lake",44269.9195261,-1137743.79036647,2894820.25437717
153,522,3,"Benton Lake",44269.9195261,-1119230.25353471,2894820.25437717
154,523,3,"Benton Lake",44269.9195261,-1100716.71670294,2894820.25437717
155,524,3,"Benton Lake",44269.9195261,-1082203.17987118,2894820.25437717
156,525,3,"Benton Lake",44269.9195261,-1063689.64303941,2894820.25437717
157,526,3,"Benton Lake",44269.9195261,-1045176.10620765,2894820.25437717
158,599,3,"Benton Lake",44269.9195261,-1267338.54818882,2876335.04329674
159,600,3,"Benton Lake",44269.9195261,-1248825.01135706,2876335.04329674
160,601,3,"Benton Lake",44269.9195261,-1230311.4745253,2876335.04329674
161,602,3,"Benton Lake",44269.9195261,-1211797.93769353,2876335.04329674
162,603,3,"Benton Lake",44269.9195261,-1193284.40086177,2876335.04329674
163,604,3,"Benton Lake",44269.9195261,-1174770.86403,2876335.04329674
164,605,3,"Benton Lake",44269.9195261,-1156257.32719824,2876335.04329674
165,606,3,"Benton Lake",44269.9195261,-1137743.79036647,2876335.04329674
166,607,3,"Benton Lake",44269.9195261,-1119230.25353471,2876335.04329674
167,608,3,"Benton Lake",44269.9195261,-1100716.71670294,2876335.04329674
168,609,3,"Benton Lake",44269.9195261,-1082203.17987118,2876335.04329674
169,610,3,"Benton Lake",44269.9195261,-1063689.64303941,2876335.04329674
170,611,3,"Benton Lake",44269.9195261,-1045176.10620765,2876335.04329674
171,612,3,"Benton Lake",44269.9195261,-1026662.56937588,2876335.04329674
172,683,3,"Benton Lake",44269.9195261,-1285852.08502059,2857849.8322163
173,684,3,"Benton Lake",44269.9195261,-1267338.54818882,2857849.8322163
174,685,3,"Benton Lake",44269.9195261,-1248825.01135706,2857849.8322163
175,686,3,"Benton Lake",44269.9195261,-1230311.4745253,2857849.8322163
176,687,3,"Benton Lake",44269.9195261,-1211797.93769353,2857849.8322163
177,688,3,"Benton Lake",44269.9195261,-1193284.40086177,2857849.8322163
178,689,3,"Benton Lake",44269.9195261,-1174770.86403,2857849.8322163
179,690,3,"Benton Lake",44269.9195261,-1156257.32719824,2857849.8322163
180,691,3,"Benton Lake",44269.9195261,-1137743.79036647,2857849.8322163
181,692,3,"Benton Lake",44269.9195261,-1119230.25353471,2857849.8322163
182,693,3,"Benton Lake",44269.9195261,-1100716.71670294,2857849.8322163
183,694,3,"Benton Lake",44269.9195261,-1082203.17987118,2857849.8322163
184,696,3,"Benton Lake",44269.9195261,-1045176.10620765,2857849.8322163
185,697,3,"Benton Lake",44269.9195261,-1026662.56937588,2857849.8322163
186,768,3,"Benton Lake",44269.9195261,-1285852.08502059,2839364.62113587
187,769,3,"Benton Lake",44269.9195261,-1267338.54818882,2839364.62113587
188,770,3,"Benton Lake",44269.9195261,-1248825.01135706,2839364.62113587
189,771,3,"Benton Lake",44269.9195261,-1230311.4745253,2839364.62113587
190,772,3,"Benton Lake",44269.9195261,-1211797.93769353,2839364.62113587
191,773,3,"Benton Lake",44269.9195261,-1193284.40086177,2839364.62113587
192,774,3,"Benton Lake",44269.9195261,-1174770.86403,2839364.62113587
193,775,3,"Benton Lake",44269.9195261,-1156257.32719824,2839364.62113587
194,776,3,"Benton Lake",44269.9195261,-1137743.79036647,2839364.62113587
195,777,3,"Benton Lake",44269.9195261,-1119230.25353471,2839364.62113587
196,781,3,"Benton Lake",44269.9195261,-1045176.10620765,2839364.62113587
197,782,3,"Benton Lake",44269.9195261,-1026662.56937588,2839364.62113587
198,854,3,"Benton Lake",44269.9195261,-1267338.54818882,2820879.41005543
199,855,3,"Benton Lake",44269.9195261,-1248825.01135706,2820879.41005543
200,856,3,"Benton Lake",44269.9195261,-1230311.4745253,2820879.41005543
201,857,3,"Benton Lake",44269.9195261,-1211797.93769353,2820879.41005543
202,858,3,"Benton Lake",44269.9195261,-1193284.40086177,2820879.41005543
203,859,3,"Benton Lake",44269.9195261,-1174770.86403,2820879.41005543
204,860,3,"Benton Lake",44269.9195261,-1156257.32719824,2820879.41005543
205,940,3,"Benton Lake",44269.9195261,-1248825.01135706,2802394.198975
206,941,3,"Benton Lake",44269.9195261,-1230311.4745253,2802394.198975
207,942,3,"Benton Lake",44269.9195261,-1211797.93769353,2802394.198975
208,943,3,"Benton Lake",44269.9195261,-1193284.40086177,2802394.198975
209,272,4,"Bowdoin",40405.9523908,-1026662.56937588,2950275.88761848
210,273,4,"Bowdoin",40405.9523908,-1008149.03254412,2950275.88761848
211,274,4,"Bowdoin",40405.9523908,-989635.495712353,2950275.88761848
212,275,4,"Bowdoin",40405.9523908,-971121.958880589,2950275.88761848
213,276,4,"Bowdoin",40405.9523908,-952608.422048824,2950275.88761848
214,277,4,"Bowdoin",40405.9523908,-934094.885217059,2950275.88761848
215,357,4,"Bowdoin",40405.9523908,-1026662.56937588,2931790.67653804
216,358,4,"Bowdoin",40405.9523908,-1008149.03254412,2931790.67653804
217,359,4,"Bowdoin",40405.9523908,-989635.495712353,2931790.67653804
218,360,4,"Bowdoin",40405.9523908,-971121.958880589,2931790.67653804
219,361,4,"Bowdoin",40405.9523908,-952608.422048824,2931790.67653804
220,362,4,"Bowdoin",40405.9523908,-934094.885217059,2931790.67653804
221,363,4,"Bowdoin",40405.9523908,-915581.348385295,2931790.67653804
222,364,4,"Bowdoin",40405.9523908,-897067.81155353,2931790.67653804
223,365,4,"Bowdoin",40405.9523908,-878554.274721765,2931790.67653804
224,366,4,"Bowdoin",40405.9523908,-860040.73789,2931790.67653804
225,367,4,"Bowdoin",40405.9523908,-841527.201058236,2931790.67653804
226,368,4,"Bowdoin",40405.9523908,-823013.664226471,2931790.67653804
227,369,4,"Bowdoin",40405.9523908,-804500.127394706,2931790.67653804
228,370,4,"Bowdoin",40405.9523908,-785986.590562942,2931790.67653804
229,443,4,"Bowdoin",40405.9523908,-1008149.03254412,2913305.46545761
230,444,4,"Bowdoin",40405.9523908,-989635.495712353,2913305.46545761
231,445,4,"Bowdoin",40405.9523908,-971121.958880589,2913305.46545761
232,446,4,"Bowdoin",40405.9523908,-952608.422048824,2913305.46545761
233,447,4,"Bowdoin",40405.9523908,-934094.885217059,2913305.46545761
234,448,4,"Bowdoin",40405.9523908,-915581.348385295,2913305.46545761
235,449,4,"Bowdoin",40405.9523908,-897067.81155353,2913305.46545761
236,450,4,"Bowdoin",40405.9523908,-878554.274721765,2913305.46545761
237,451,4,"Bowdoin",40405.9523908,-860040.73789,2913305.46545761
238,452,4,"Bowdoin",40405.9523908,-841527.201058236,2913305.46545761
239,453,4,"Bowdoin",40405.9523908,-823013.664226471,2913305.46545761
240,454,4,"Bowdoin",40405.9523908,-804500.127394706,2913305.46545761
241,455,4,"Bowdoin",40405.9523908,-785986.590562942,2913305.46545761
242,456,4,"Bowdoin",40405.9523908,-767473.053731177,2913305.46545761
243,527,4,"Bowdoin",40405.9523908,-1026662.56937588,2894820.25437717
244,528,4,"Bowdoin",40405.9523908,-1008149.03254412,2894820.25437717
245,529,4,"Bowdoin",40405.9523908,-989635.495712353,2894820.25437717
246,530,4,"Bowdoin",40405.9523908,-971121.958880589,2894820.25437717
247,531,4,"Bowdoin",40405.9523908,-952608.422048824,2894820.25437717
248,532,4,"Bowdoin",40405.9523908,-934094.885217059,2894820.25437717
249,533,4,"Bowdoin",40405.9523908,-915581.348385295,2894820.25437717
250,534,4,"Bowdoin",40405.9523908,-897067.81155353,2894820.25437717
251,535,4,"Bowdoin",40405.9523908,-878554.274721765,2894820.25437717
252,536,4,"Bowdoin",40405.9523908,-860040.73789,2894820.25437717
253,537,4,"Bowdoin",40405.9523908,-841527.201058236,2894820.25437717
254,538,4,"Bowdoin",40405.9523908,-823013.664226471,2894820.25437717
255,539,4,"Bowdoin",40405.9523908,-804500.127394706,2894820.25437717
256,540,4,"Bowdoin",40405.9523908,-785986.590562942,2894820.25437717
257,541,4,"Bowdoin",40405.9523908,-767473.053731177,2894820.25437717
258,542,4,"Bowdoin",40405.9523908,-748959.516899412,2894820.25437717
259,613,4,"Bowdoin",40405.9523908,-1008149.03254412,2876335.04329674
260,614,4,"Bowdoin",40405.9523908,-989635.495712353,2876335.04329674
261,615,4,"Bowdoin",40405.9523908,-971121.958880589,2876335.04329674
262,616,4,"Bowdoin",40405.9523908,-952608.422048824,2876335.04329674
263,617,4,"Bowdoin",40405.9523908,-934094.885217059,2876335.04329674
264,618,4,"Bowdoin",40405.9523908,-915581.348385295,2876335.04329674
265,619,4,"Bowdoin",40405.9523908,-897067.81155353,2876335.04329674
266,620,4,"Bowdoin",40405.9523908,-878554.274721765,2876335.04329674
267,621,4,"Bowdoin",40405.9523908,-860040.73789,2876335.04329674
268,622,4,"Bowdoin",40405.9523908,-841527.201058236,2876335.04329674
269,623,4,"Bowdoin",40405.9523908,-823013.664226471,2876335.04329674
270,624,4,"Bowdoin",40405.9523908,-804500.127394706,2876335.04329674
271,625,4,"Bowdoin",40405.9523908,-785986.590562942,2876335.04329674
272,626,4,"Bowdoin",40405.9523908,-767473.053731177,2876335.04329674
273,627,4,"Bowdoin",40405.9523908,-748959.516899412,2876335.04329674
274,628,4,"Bowdoin",40405.9523908,-730445.980067647,2876335.04329674
275,698,4,"Bowdoin",40405.9523908,-1008149.03254412,2857849.8322163
276,699,4,"Bowdoin",40405.9523908,-989635.495712353,2857849.8322163
277,700,4,"Bowdoin",40405.9523908,-971121.958880589,2857849.8322163
278,701,4,"Bowdoin",40405.9523908,-952608.422048824,2857849.8322163
279,702,4,"Bowdoin",40405.9523908,-934094.885217059,2857849.8322163
280,703,4,"Bowdoin",40405.9523908,-915581.348385295,2857849.8322163
281,704,4,"Bowdoin",40405.9523908,-897067.81155353,2857849.8322163
282,705,4,"Bowdoin",40405.9523908,-878554.274721765,2857849.8322163
283,706,4,"Bowdoin",40405.9523908,-860040.73789,2857849.8322163
284,707,4,"Bowdoin",40405.9523908,-841527.201058236,2857849.8322163
285,708,4,"Bowdoin",40405.9523908,-823013.664226471,2857849.8322163
286,709,4,"Bowdoin",40405.9523908,-804500.127394706,2857849.8322163
287,710,4,"Bowdoin",40405.9523908,-785986.590562942,2857849.8322163
288,711,4,"Bowdoin",40405.9523908,-767473.053731177,2857849.8322163
289,712,4,"Bowdoin",40405.9523908,-748959.516899412,2857849.8322163
290,783,4,"Bowdoin",40405.9523908,-1008149.03254412,2839364.62113587
291,784,4,"Bowdoin",40405.9523908,-989635.495712353,2839364.62113587
292,785,4,"Bowdoin",40405.9523908,-971121.958880589,2839364.62113587
293,786,4,"Bowdoin",40405.9523908,-952608.422048824,2839364.62113587
294,787,4,"Bowdoin",40405.9523908,-934094.885217059,2839364.62113587
295,788,4,"Bowdoin",40405.9523908,-915581.348385295,2839364.62113587
296,789,4,"Bowdoin",40405.9523908,-897067.81155353,2839364.62113587
297,790,4,"Bowdoin",40405.9523908,-878554.274721765,2839364.62113587
298,791,4,"Bowdoin",40405.9523908,-860040.73789,2839364.62113587
299,792,4,"Bowdoin",40405.9523908,-841527.201058236,2839364.62113587
300,793,4,"Bowdoin",40405.9523908,-823013.664226471,2839364.62113587
301,794,4,"Bowdoin",40405.9523908,-804500.127394706,2839364.62113587
302,795,4,"Bowdoin",40405.9523908,-785986.590562942,2839364.62113587
303,796,4,"Bowdoin",40405.9523908,-767473.053731177,2839364.62113587
304,797,4,"Bowdoin",40405.9523908,-748959.516899412,2839364.62113587
305,868,4,"Bowdoin",40405.9523908,-1008149.03254412,2820879.41005543
306,870,4,"Bowdoin",40405.9523908,-971121.958880589,2820879.41005543
307,871,4,"Bowdoin",40405.9523908,-952608.422048824,2820879.41005543
308,872,4,"Bowdoin",40405.9523908,-934094.885217059,2820879.41005543
309,873,4,"Bowdoin",40405.9523908,-915581.348385295,2820879.41005543
310,874,4,"Bowdoin",40405.9523908,-897067.81155353,2820879.41005543
311,875,4,"Bowdoin",40405.9523908,-878554.274721765,2820879.41005543
312,876,4,"Bowdoin",40405.9523908,-860040.73789,2820879.41005543
313,877,4,"Bowdoin",40405.9523908,-841527.201058236,2820879.41005543
314,878,4,"Bowdoin",40405.9523908,-823013.664226471,2820879.41005543
315,879,4,"Bowdoin",40405.9523908,-804500.127394706,2820879.41005543
316,880,4,"Bowdoin",40405.9523908,-785986.590562942,2820879.41005543
317,882,4,"Bowdoin",40405.9523908,-748959.516899412,2820879.41005543
318,956,4,"Bowdoin",40405.9523908,-952608.422048824,2802394.198975
319,957,4,"Bowdoin",40405.9523908,-934094.885217059,2802394.198975
320,958,4,"Bowdoin",40405.9523908,-915581.348385295,2802394.198975
321,959,4,"Bowdoin",40405.9523908,-897067.81155353,2802394.198975
322,960,4,"Bowdoin",40405.9523908,-878554.274721765,2802394.198975
323,961,4,"Bowdoin",40405.9523908,-860040.73789,2802394.198975
324,962,4,"Bowdoin",40405.9523908,-841527.201058236,2802394.198975
325,963,4,"Bowdoin",40405.9523908,-823013.664226471,2802394.198975
326,964,4,"Bowdoin",40405.9523908,-804500.127394706,2802394.198975
327,1044,4,"Bowdoin",40405.9523908,-897067.81155353,2783908.98789456
328,551,5,"Crosby Lostwood",17709.5946275,-582337.68541353,2894820.25437717
329,552,5,"Crosby Lostwood",17709.5946275,-563824.148581765,2894820.25437717
330,553,5,"Crosby Lostwood",17709.5946275,-545310.61175,2894820.25437717
331,554,5,"Crosby Lostwood",17709.5946275,-526797.074918235,2894820.25437717
332,555,5,"Crosby Lostwood",17709.5946275,-508283.538086471,2894820.25437717
333,556,5,"Crosby Lostwood",17709.5946275,-489770.001254706,2894820.25437717
334,557,5,"Crosby Lostwood",17709.5946275,-471256.464422941,2894820.25437717
335,558,5,"Crosby Lostwood",17709.5946275,-452742.927591177,2894820.25437717
336,636,5,"Crosby Lostwood",17709.5946275,-582337.68541353,2876335.04329674
337,637,5,"Crosby Lostwood",17709.5946275,-563824.148581765,2876335.04329674
338,638,5,"Crosby Lostwood",17709.5946275,-545310.61175,2876335.04329674
339,639,5,"Crosby Lostwood",17709.5946275,-526797.074918235,2876335.04329674
340,640,5,"Crosby Lostwood",17709.5946275,-508283.538086471,2876335.04329674
341,641,5,"Crosby Lostwood",17709.5946275,-489770.001254706,2876335.04329674
342,642,5,"Crosby Lostwood",17709.5946275,-471256.464422941,2876335.04329674
343,643,5,"Crosby Lostwood",17709.5946275,-452742.927591177,2876335.04329674
344,721,5,"Crosby Lostwood",17709.5946275,-582337.68541353,2857849.8322163
345,722,5,"Crosby Lostwood",17709.5946275,-563824.148581765,2857849.8322163
346,723,5,"Crosby Lostwood",17709.5946275,-545310.61175,2857849.8322163
347,724,5,"Crosby Lostwood",17709.5946275,-526797.074918235,2857849.8322163
348,725,5,"Crosby Lostwood",17709.5946275,-508283.538086471,2857849.8322163
349,726,5,"Crosby Lostwood",17709.5946275,-489770.001254706,2857849.8322163
350,727,5,"Crosby Lostwood",17709.5946275,-471256.464422941,2857849.8322163
351,728,5,"Crosby Lostwood",17709.5946275,-452742.927591177,2857849.8322163
352,805,5,"Crosby Lostwood",17709.5946275,-600851.222245294,2839364.62113587
353,806,5,"Crosby Lostwood",17709.5946275,-582337.68541353,2839364.62113587
354,807,5,"Crosby Lostwood",17709.5946275,-563824.148581765,2839364.62113587
355,808,5,"Crosby Lostwood",17709.5946275,-545310.61175,2839364.62113587
356,809,5,"Crosby Lostwood",17709.5946275,-526797.074918235,2839364.62113587
357,810,5,"Crosby Lostwood",17709.5946275,-508283.538086471,2839364.62113587
358,811,5,"Crosby Lostwood",17709.5946275,-489770.001254706,2839364.62113587
359,812,5,"Crosby Lostwood",17709.5946275,-471256.464422941,2839364.62113587
360,813,5,"Crosby Lostwood",17709.5946275,-452742.927591177,2839364.62113587
361,890,5,"Crosby Lostwood",17709.5946275,-600851.222245294,2820879.41005543
362,891,5,"Crosby Lostwood",17709.5946275,-582337.68541353,2820879.41005543
363,892,5,"Crosby Lostwood",17709.5946275,-563824.148581765,2820879.41005543
364,893,5,"Crosby Lostwood",17709.5946275,-545310.61175,2820879.41005543
365,894,5,"Crosby Lostwood",17709.5946275,-526797.074918235,2820879.41005543
366,895,5,"Crosby Lostwood",17709.5946275,-508283.538086471,2820879.41005543
367,896,5,"Crosby Lostwood",17709.5946275,-489770.001254706,2820879.41005543
368,897,5,"Crosby Lostwood",17709.5946275,-471256.464422941,2820879.41005543
369,898,5,"Crosby Lostwood",17709.5946275,-452742.927591177,2820879.41005543
370,975,5,"Crosby Lostwood",17709.5946275,-600851.222245294,2802394.198975
371,977,5,"Crosby Lostwood",17709.5946275,-563824.148581765,2802394.198975
372,981,5,"Crosby Lostwood",17709.5946275,-489770.001254706,2802394.198975
373,982,5,"Crosby Lostwood",17709.5946275,-471256.464422941,2802394.198975
374,983,5,"Crosby Lostwood",17709.5946275,-452742.927591177,2802394.198975
375,1066,5,"Crosby Lostwood",17709.5946275,-489770.001254706,2783908.98789456
376,1067,5,"Crosby Lostwood",17709.5946275,-471256.464422941,2783908.98789456
377,1068,5,"Crosby Lostwood",17709.5946275,-452742.927591177,2783908.98789456
378,1089,6,"Detroit Lakes",12809.7210466,-63958.6541241174,2783908.98789456
379,1090,6,"Detroit Lakes",12809.7210466,-45445.1172923527,2783908.98789456
380,1174,6,"Detroit Lakes",12809.7210466,-63958.6541241174,2765423.77681413
381,1175,6,"Detroit Lakes",12809.7210466,-45445.1172923527,2765423.77681413
382,1179,6,"Detroit Lakes",12809.7210466,28609.0300347062,2765423.77681413
383,1259,6,"Detroit Lakes",12809.7210466,-63958.6541241174,2746938.5657337
384,1260,6,"Detroit Lakes",12809.7210466,-45445.1172923527,2746938.5657337
385,1261,6,"Detroit Lakes",12809.7210466,-26931.580460588,2746938.5657337
386,1262,6,"Detroit Lakes",12809.7210466,-8418.04362882324,2746938.5657337
387,1263,6,"Detroit Lakes",12809.7210466,10095.4932029415,2746938.5657337
388,1264,6,"Detroit Lakes",12809.7210466,28609.0300347062,2746938.5657337
389,1344,6,"Detroit Lakes",12809.7210466,-63958.6541241174,2728453.35465326
390,1345,6,"Detroit Lakes",12809.7210466,-45445.1172923527,2728453.35465326
391,1346,6,"Detroit Lakes",12809.7210466,-26931.580460588,2728453.35465326
392,1347,6,"Detroit Lakes",12809.7210466,-8418.04362882324,2728453.35465326
393,1348,6,"Detroit Lakes",12809.7210466,10095.4932029415,2728453.35465326
394,1349,6,"Detroit Lakes",12809.7210466,28609.0300347062,2728453.35465326
395,1429,6,"Detroit Lakes",12809.7210466,-63958.6541241174,2709968.14357283
396,1430,6,"Detroit Lakes",12809.7210466,-45445.1172923527,2709968.14357283
397,1431,6,"Detroit Lakes",12809.7210466,-26931.580460588,2709968.14357283
398,1432,6,"Detroit Lakes",12809.7210466,-8418.04362882324,2709968.14357283
399,1433,6,"Detroit Lakes",12809.7210466,10095.4932029415,2709968.14357283
400,1434,6,"Detroit Lakes",12809.7210466,28609.0300347062,2709968.14357283
401,1515,6,"Detroit Lakes",12809.7210466,-45445.1172923527,2691482.93249239
402,1516,6,"Detroit Lakes",12809.7210466,-26931.580460588,2691482.93249239
403,1517,6,"Detroit Lakes",12809.7210466,-8418.04362882324,2691482.93249239
404,1518,6,"Detroit Lakes",12809.7210466,10095.4932029415,2691482.93249239
405,1600,6,"Detroit Lakes",12809.7210466,-45445.1172923527,2672997.72141196
406,1601,6,"Detroit Lakes",12809.7210466,-26931.580460588,2672997.72141196
407,1602,6,"Detroit Lakes",12809.7210466,-8418.04362882324,2672997.72141196
408,1603,6,"Detroit Lakes",12809.7210466,10095.4932029415,2672997.72141196
409,1685,6,"Detroit Lakes",12809.7210466,-45445.1172923527,2654512.51033152
410,1686,6,"Detroit Lakes",12809.7210466,-26931.580460588,2654512.51033152
411,1687,6,"Detroit Lakes",12809.7210466,-8418.04362882324,2654512.51033152
412,1688,6,"Detroit Lakes",12809.7210466,10095.4932029415,2654512.51033152
413,1770,6,"Detroit Lakes",12809.7210466,-45445.1172923527,2636027.29925109
414,1771,6,"Detroit Lakes",12809.7210466,-26931.580460588,2636027.29925109
415,654,7,"Devils Lake",26303.0328163,-249094.022441765,2876335.04329674
416,655,7,"Devils Lake",26303.0328163,-230580.48561,2876335.04329674
417,656,7,"Devils Lake",26303.0328163,-212066.948778235,2876335.04329674
418,657,7,"Devils Lake",26303.0328163,-193553.41194647,2876335.04329674
419,658,7,"Devils Lake",26303.0328163,-175039.875114706,2876335.04329674
420,659,7,"Devils Lake",26303.0328163,-156526.338282941,2876335.04329674
421,660,7,"Devils Lake",26303.0328163,-138012.801451176,2876335.04329674
422,661,7,"Devils Lake",26303.0328163,-119499.264619412,2876335.04329674
423,662,7,"Devils Lake",26303.0328163,-100985.727787647,2876335.04329674
424,739,7,"Devils Lake",26303.0328163,-249094.022441765,2857849.8322163
425,740,7,"Devils Lake",26303.0328163,-230580.48561,2857849.8322163
426,741,7,"Devils Lake",26303.0328163,-212066.948778235,2857849.8322163
427,742,7,"Devils Lake",26303.0328163,-193553.41194647,2857849.8322163
428,743,7,"Devils Lake",26303.0328163,-175039.875114706,2857849.8322163
429,744,7,"Devils Lake",26303.0328163,-156526.338282941,2857849.8322163
430,745,7,"Devils Lake",26303.0328163,-138012.801451176,2857849.8322163
431,746,7,"Devils Lake",26303.0328163,-119499.264619412,2857849.8322163
432,747,7,"Devils Lake",26303.0328163,-100985.727787647,2857849.8322163
433,824,7,"Devils Lake",26303.0328163,-249094.022441765,2839364.62113587
434,825,7,"Devils Lake",26303.0328163,-230580.48561,2839364.62113587
435,826,7,"Devils Lake",26303.0328163,-212066.948778235,2839364.62113587
436,827,7,"Devils Lake",26303.0328163,-193553.41194647,2839364.62113587
437,828,7,"Devils Lake",26303.0328163,-175039.875114706,2839364.62113587
438,829,7,"Devils Lake",26303.0328163,-156526.338282941,2839364.62113587
439,830,7,"Devils Lake",26303.0328163,-138012.801451176,2839364.62113587
440,831,7,"Devils Lake",26303.0328163,-119499.264619412,2839364.62113587
441,832,7,"Devils Lake",26303.0328163,-100985.727787647,2839364.62113587
442,907,7,"Devils Lake",26303.0328163,-286121.096105294,2820879.41005543
443,908,7,"Devils Lake",26303.0328163,-267607.559273529,2820879.41005543
444,909,7,"Devils Lake",26303.0328163,-249094.022441765,2820879.41005543
445,910,7,"Devils Lake",26303.0328163,-230580.48561,2820879.41005543
446,911,7,"Devils Lake",26303.0328163,-212066.948778235,2820879.41005543
447,912,7,"Devils Lake",26303.0328163,-193553.41194647,2820879.41005543
448,913,7,"Devils Lake",26303.0328163,-175039.875114706,2820879.41005543
449,914,7,"Devils Lake",26303.0328163,-156526.338282941,2820879.41005543
450,915,7,"Devils Lake",26303.0328163,-138012.801451176,2820879.41005543
451,916,7,"Devils Lake",26303.0328163,-119499.264619412,2820879.41005543
452,917,7,"Devils Lake",26303.0328163,-100985.727787647,2820879.41005543
453,992,7,"Devils Lake",26303.0328163,-286121.096105294,2802394.198975
454,993,7,"Devils Lake",26303.0328163,-267607.559273529,2802394.198975
455,994,7,"Devils Lake",26303.0328163,-249094.022441765,2802394.198975
456,995,7,"Devils Lake",26303.0328163,-230580.48561,2802394.198975
457,996,7,"Devils Lake",26303.0328163,-212066.948778235,2802394.198975
458,997,7,"Devils Lake",26303.0328163,-193553.41194647,2802394.198975
459,998,7,"Devils Lake",26303.0328163,-175039.875114706,2802394.198975
460,999,7,"Devils Lake",26303.0328163,-156526.338282941,2802394.198975
461,1000,7,"Devils Lake",26303.0328163,-138012.801451176,2802394.198975
462,1001,7,"Devils Lake",26303.0328163,-119499.264619412,2802394.198975
463,1002,7,"Devils Lake",26303.0328163,-100985.727787647,2802394.198975
464,1077,7,"Devils Lake",26303.0328163,-286121.096105294,2783908.98789456
465,1078,7,"Devils Lake",26303.0328163,-267607.559273529,2783908.98789456
466,1079,7,"Devils Lake",26303.0328163,-249094.022441765,2783908.98789456
467,1080,7,"Devils Lake",26303.0328163,-230580.48561,2783908.98789456
468,1081,7,"Devils Lake",26303.0328163,-212066.948778235,2783908.98789456
469,1082,7,"Devils Lake",26303.0328163,-193553.41194647,2783908.98789456
470,1083,7,"Devils Lake",26303.0328163,-175039.875114706,2783908.98789456
471,1084,7,"Devils Lake",26303.0328163,-156526.338282941,2783908.98789456
472,1085,7,"Devils Lake",26303.0328163,-138012.801451176,2783908.98789456
473,1086,7,"Devils Lake",26303.0328163,-119499.264619412,2783908.98789456
474,1087,7,"Devils Lake",26303.0328163,-100985.727787647,2783908.98789456
475,1088,7,"Devils Lake",26303.0328163,-82472.1909558821,2783908.98789456
476,1165,7,"Devils Lake",26303.0328163,-230580.48561,2765423.77681413
477,1166,7,"Devils Lake",26303.0328163,-212066.948778235,2765423.77681413
478,1167,7,"Devils Lake",26303.0328163,-193553.41194647,2765423.77681413
479,1168,7,"Devils Lake",26303.0328163,-175039.875114706,2765423.77681413
480,1169,7,"Devils Lake",26303.0328163,-156526.338282941,2765423.77681413
481,1170,7,"Devils Lake",26303.0328163,-138012.801451176,2765423.77681413
482,1171,7,"Devils Lake",26303.0328163,-119499.264619412,2765423.77681413
483,1172,7,"Devils Lake",26303.0328163,-100985.727787647,2765423.77681413
484,1173,7,"Devils Lake",26303.0328163,-82472.1909558821,2765423.77681413
485,1253,7,"Devils Lake",26303.0328163,-175039.875114706,2746938.5657337
486,1254,7,"Devils Lake",26303.0328163,-156526.338282941,2746938.5657337
487,1255,7,"Devils Lake",26303.0328163,-138012.801451176,2746938.5657337
488,1256,7,"Devils Lake",26303.0328163,-119499.264619412,2746938.5657337
489,1257,7,"Devils Lake",26303.0328163,-100985.727787647,2746938.5657337
490,1258,7,"Devils Lake",26303.0328163,-82472.1909558821,2746938.5657337
491,1772,8,"Fergus Falls",5943.11886294,-8418.04362882324,2636027.29925109
492,1855,8,"Fergus Falls",5943.11886294,-45445.1172923527,2617542.08817065
493,1856,8,"Fergus Falls",5943.11886294,-26931.580460588,2617542.08817065
494,1857,8,"Fergus Falls",5943.11886294,-8418.04362882324,2617542.08817065
495,1940,8,"Fergus Falls",5943.11886294,-45445.1172923527,2599056.87709022
496,1941,8,"Fergus Falls",5943.11886294,-26931.580460588,2599056.87709022
497,1942,8,"Fergus Falls",5943.11886294,-8418.04362882324,2599056.87709022
498,2025,8,"Fergus Falls",5943.11886294,-45445.1172923527,2580571.66600978
499,2026,8,"Fergus Falls",5943.11886294,-26931.580460588,2580571.66600978
500,2027,8,"Fergus Falls",5943.11886294,-8418.04362882324,2580571.66600978
501,2111,8,"Fergus Falls",5943.11886294,-26931.580460588,2562086.45492935
502,2112,8,"Fergus Falls",5943.11886294,-8418.04362882324,2562086.45492935
503,2113,8,"Fergus Falls",5943.11886294,10095.4932029415,2562086.45492935
504,2197,8,"Fergus Falls",5943.11886294,-8418.04362882324,2543601.24384891
505,2198,8,"Fergus Falls",5943.11886294,10095.4932029415,2543601.24384891
506,2199,8,"Fergus Falls",5943.11886294,28609.0300347062,2543601.24384891
507,2200,8,"Fergus Falls",5943.11886294,47122.5668664709,2543601.24384891
508,2689,9,"Huron",18215.4563826,-341661.706600588,2432689.9773663
509,2690,9,"Huron",18215.4563826,-323148.169768824,2432689.9773663
510,2691,9,"Huron",18215.4563826,-304634.632937059,2432689.9773663
511,2692,9,"Huron",18215.4563826,-286121.096105294,2432689.9773663
512,2693,9,"Huron",18215.4563826,-267607.559273529,2432689.9773663
513,2694,9,"Huron",18215.4563826,-249094.022441765,2432689.9773663
514,2695,9,"Huron",18215.4563826,-230580.48561,2432689.9773663
515,2773,9,"Huron",18215.4563826,-360175.243432353,2414204.76628587
516,2774,9,"Huron",18215.4563826,-341661.706600588,2414204.76628587
517,2775,9,"Huron",18215.4563826,-323148.169768824,2414204.76628587
518,2776,9,"Huron",18215.4563826,-304634.632937059,2414204.76628587
519,2777,9,"Huron",18215.4563826,-286121.096105294,2414204.76628587
520,2778,9,"Huron",18215.4563826,-267607.559273529,2414204.76628587
521,2779,9,"Huron",18215.4563826,-249094.022441765,2414204.76628587
522,2780,9,"Huron",18215.4563826,-230580.48561,2414204.76628587
523,2858,9,"Huron",18215.4563826,-360175.243432353,2395719.55520543
524,2859,9,"Huron",18215.4563826,-341661.706600588,2395719.55520543
525,2860,9,"Huron",18215.4563826,-323148.169768824,2395719.55520543
526,2861,9,"Huron",18215.4563826,-304634.632937059,2395719.55520543
527,2862,9,"Huron",18215.4563826,-286121.096105294,2395719.55520543
528,2863,9,"Huron",18215.4563826,-267607.559273529,2395719.55520543
529,2864,9,"Huron",18215.4563826,-249094.022441765,2395719.55520543
530,2865,9,"Huron",18215.4563826,-230580.48561,2395719.55520543
531,2866,9,"Huron",18215.4563826,-212066.948778235,2395719.55520543
532,2867,9,"Huron",18215.4563826,-193553.41194647,2395719.55520543
533,2868,9,"Huron",18215.4563826,-175039.875114706,2395719.55520543
534,2869,9,"Huron",18215.4563826,-156526.338282941,2395719.55520543
535,2945,9,"Huron",18215.4563826,-323148.169768824,2377234.344125
536,2946,9,"Huron",18215.4563826,-304634.632937059,2377234.344125
537,2947,9,"Huron",18215.4563826,-286121.096105294,2377234.344125
538,2948,9,"Huron",18215.4563826,-267607.559273529,2377234.344125
539,2949,9,"Huron",18215.4563826,-249094.022441765,2377234.344125
540,2950,9,"Huron",18215.4563826,-230580.48561,2377234.344125
541,2951,9,"Huron",18215.4563826,-212066.948778235,2377234.344125
542,2952,9,"Huron",18215.4563826,-193553.41194647,2377234.344125
543,2953,9,"Huron",18215.4563826,-175039.875114706,2377234.344125
544,2954,9,"Huron",18215.4563826,-156526.338282941,2377234.344125
545,3031,9,"Huron",18215.4563826,-304634.632937059,2358749.13304457
546,3033,9,"Huron",18215.4563826,-267607.559273529,2358749.13304457
547,3034,9,"Huron",18215.4563826,-249094.022441765,2358749.13304457
548,3035,9,"Huron",18215.4563826,-230580.48561,2358749.13304457
549,3036,9,"Huron",18215.4563826,-212066.948778235,2358749.13304457
550,3037,9,"Huron",18215.4563826,-193553.41194647,2358749.13304457
551,3038,9,"Huron",18215.4563826,-175039.875114706,2358749.13304457
552,3039,9,"Huron",18215.4563826,-156526.338282941,2358749.13304457
553,3118,9,"Huron",18215.4563826,-267607.559273529,2340263.92196413
554,3119,9,"Huron",18215.4563826,-249094.022441765,2340263.92196413
555,3120,9,"Huron",18215.4563826,-230580.48561,2340263.92196413
556,3121,9,"Huron",18215.4563826,-212066.948778235,2340263.92196413
557,3122,9,"Huron",18215.4563826,-193553.41194647,2340263.92196413
558,3123,9,"Huron",18215.4563826,-175039.875114706,2340263.92196413
559,3124,9,"Huron",18215.4563826,-156526.338282941,2340263.92196413
560,3208,9,"Huron",18215.4563826,-175039.875114706,2321778.7108837
561,3209,9,"Huron",18215.4563826,-156526.338282941,2321778.7108837
562,3474,10,"Iowa",13659.709077,28609.0300347062,2266323.07764239
563,3475,10,"Iowa",13659.709077,47122.5668664709,2266323.07764239
564,3476,10,"Iowa",13659.709077,65636.1036982356,2266323.07764239
565,3477,10,"Iowa",13659.709077,84149.6405300004,2266323.07764239
566,3478,10,"Iowa",13659.709077,102663.177361765,2266323.07764239
567,3479,10,"Iowa",13659.709077,121176.71419353,2266323.07764239
568,3480,10,"Iowa",13659.709077,139690.251025295,2266323.07764239
569,3481,10,"Iowa",13659.709077,158203.787857059,2266323.07764239
570,3482,10,"Iowa",13659.709077,176717.324688824,2266323.07764239
571,3483,10,"Iowa",13659.709077,195230.861520589,2266323.07764239
572,3484,10,"Iowa",13659.709077,213744.398352353,2266323.07764239
573,3485,10,"Iowa",13659.709077,232257.935184118,2266323.07764239
574,3561,10,"Iowa",13659.709077,65636.1036982356,2247837.86656196
575,3562,10,"Iowa",13659.709077,84149.6405300004,2247837.86656196
576,3563,10,"Iowa",13659.709077,102663.177361765,2247837.86656196
577,3564,10,"Iowa",13659.709077,121176.71419353,2247837.86656196
578,3565,10,"Iowa",13659.709077,139690.251025295,2247837.86656196
579,3566,10,"Iowa",13659.709077,158203.787857059,2247837.86656196
580,3567,10,"Iowa",13659.709077,176717.324688824,2247837.86656196
581,3568,10,"Iowa",13659.709077,195230.861520589,2247837.86656196
582,3569,10,"Iowa",13659.709077,213744.398352353,2247837.86656196
583,3570,10,"Iowa",13659.709077,232257.935184118,2247837.86656196
584,3646,10,"Iowa",13659.709077,65636.1036982356,2229352.65548152
585,3647,10,"Iowa",13659.709077,84149.6405300004,2229352.65548152
586,3648,10,"Iowa",13659.709077,102663.177361765,2229352.65548152
587,3649,10,"Iowa",13659.709077,121176.71419353,2229352.65548152
588,3650,10,"Iowa",13659.709077,139690.251025295,2229352.65548152
589,3651,10,"Iowa",13659.709077,158203.787857059,2229352.65548152
590,3652,10,"Iowa",13659.709077,176717.324688824,2229352.65548152
591,3653,10,"Iowa",13659.709077,195230.861520589,2229352.65548152
592,3654,10,"Iowa",13659.709077,213744.398352353,2229352.65548152
593,3655,10,"Iowa",13659.709077,232257.935184118,2229352.65548152
594,559,11,"J. Clark Salyer",16895.3014452,-434229.390759412,2894820.25437717
595,560,11,"J. Clark Salyer",16895.3014452,-415715.853927647,2894820.25437717
596,561,11,"J. Clark Salyer",16895.3014452,-397202.317095882,2894820.25437717
597,562,11,"J. Clark Salyer",16895.3014452,-378688.780264118,2894820.25437717
598,563,11,"J. Clark Salyer",16895.3014452,-360175.243432353,2894820.25437717
599,564,11,"J. Clark Salyer",16895.3014452,-341661.706600588,2894820.25437717
600,565,11,"J. Clark Salyer",16895.3014452,-323148.169768824,2894820.25437717
601,644,11,"J. Clark Salyer",16895.3014452,-434229.390759412,2876335.04329674
602,645,11,"J. Clark Salyer",16895.3014452,-415715.853927647,2876335.04329674
603,646,11,"J. Clark Salyer",16895.3014452,-397202.317095882,2876335.04329674
604,647,11,"J. Clark Salyer",16895.3014452,-378688.780264118,2876335.04329674
605,648,11,"J. Clark Salyer",16895.3014452,-360175.243432353,2876335.04329674
606,649,11,"J. Clark Salyer",16895.3014452,-341661.706600588,2876335.04329674
607,650,11,"J. Clark Salyer",16895.3014452,-323148.169768824,2876335.04329674
608,651,11,"J. Clark Salyer",16895.3014452,-304634.632937059,2876335.04329674
609,652,11,"J. Clark Salyer",16895.3014452,-286121.096105294,2876335.04329674
610,653,11,"J. Clark Salyer",16895.3014452,-267607.559273529,2876335.04329674
611,729,11,"J. Clark Salyer",16895.3014452,-434229.390759412,2857849.8322163
612,730,11,"J. Clark Salyer",16895.3014452,-415715.853927647,2857849.8322163
613,731,11,"J. Clark Salyer",16895.3014452,-397202.317095882,2857849.8322163
614,732,11,"J. Clark Salyer",16895.3014452,-378688.780264118,2857849.8322163
615,733,11,"J. Clark Salyer",16895.3014452,-360175.243432353,2857849.8322163
616,734,11,"J. Clark Salyer",16895.3014452,-341661.706600588,2857849.8322163
617,735,11,"J. Clark Salyer",16895.3014452,-323148.169768824,2857849.8322163
618,736,11,"J. Clark Salyer",16895.3014452,-304634.632937059,2857849.8322163
619,737,11,"J. Clark Salyer",16895.3014452,-286121.096105294,2857849.8322163
620,738,11,"J. Clark Salyer",16895.3014452,-267607.559273529,2857849.8322163
621,817,11,"J. Clark Salyer",16895.3014452,-378688.780264118,2839364.62113587
622,818,11,"J. Clark Salyer",16895.3014452,-360175.243432353,2839364.62113587
623,819,11,"J. Clark Salyer",16895.3014452,-341661.706600588,2839364.62113587
624,820,11,"J. Clark Salyer",16895.3014452,-323148.169768824,2839364.62113587
625,821,11,"J. Clark Salyer",16895.3014452,-304634.632937059,2839364.62113587
626,822,11,"J. Clark Salyer",16895.3014452,-286121.096105294,2839364.62113587
627,823,11,"J. Clark Salyer",16895.3014452,-267607.559273529,2839364.62113587
628,903,11,"J. Clark Salyer",16895.3014452,-360175.243432353,2820879.41005543
629,904,11,"J. Clark Salyer",16895.3014452,-341661.706600588,2820879.41005543
630,905,11,"J. Clark Salyer",16895.3014452,-323148.169768824,2820879.41005543
631,906,11,"J. Clark Salyer",16895.3014452,-304634.632937059,2820879.41005543
632,988,11,"J. Clark Salyer",16895.3014452,-360175.243432353,2802394.198975
633,989,11,"J. Clark Salyer",16895.3014452,-341661.706600588,2802394.198975
634,990,11,"J. Clark Salyer",16895.3014452,-323148.169768824,2802394.198975
635,991,11,"J. Clark Salyer",16895.3014452,-304634.632937059,2802394.198975
636,1073,11,"J. Clark Salyer",16895.3014452,-360175.243432353,2783908.98789456
637,1074,11,"J. Clark Salyer",16895.3014452,-341661.706600588,2783908.98789456
638,1075,11,"J. Clark Salyer",16895.3014452,-323148.169768824,2783908.98789456
639,1076,11,"J. Clark Salyer",16895.3014452,-304634.632937059,2783908.98789456
640,1842,12,"Kulm",11134.3632315,-286121.096105294,2617542.08817065
641,1843,12,"Kulm",11134.3632315,-267607.559273529,2617542.08817065
642,1844,12,"Kulm",11134.3632315,-249094.022441765,2617542.08817065
643,1845,12,"Kulm",11134.3632315,-230580.48561,2617542.08817065
644,1846,12,"Kulm",11134.3632315,-212066.948778235,2617542.08817065
645,1847,12,"Kulm",11134.3632315,-193553.41194647,2617542.08817065
646,1848,12,"Kulm",11134.3632315,-175039.875114706,2617542.08817065
647,1849,12,"Kulm",11134.3632315,-156526.338282941,2617542.08817065
648,1927,12,"Kulm",11134.3632315,-286121.096105294,2599056.87709022
649,1928,12,"Kulm",11134.3632315,-267607.559273529,2599056.87709022
650,1929,12,"Kulm",11134.3632315,-249094.022441765,2599056.87709022
651,1930,12,"Kulm",11134.3632315,-230580.48561,2599056.87709022
652,1931,12,"Kulm",11134.3632315,-212066.948778235,2599056.87709022
653,1932,12,"Kulm",11134.3632315,-193553.41194647,2599056.87709022
654,1933,12,"Kulm",11134.3632315,-175039.875114706,2599056.87709022
655,2012,12,"Kulm",11134.3632315,-286121.096105294,2580571.66600978
656,2013,12,"Kulm",11134.3632315,-267607.559273529,2580571.66600978
657,2014,12,"Kulm",11134.3632315,-249094.022441765,2580571.66600978
658,2015,12,"Kulm",11134.3632315,-230580.48561,2580571.66600978
659,2016,12,"Kulm",11134.3632315,-212066.948778235,2580571.66600978
660,2017,12,"Kulm",11134.3632315,-193553.41194647,2580571.66600978
661,2018,12,"Kulm",11134.3632315,-175039.875114706,2580571.66600978
662,2019,12,"Kulm",11134.3632315,-156526.338282941,2580571.66600978
663,2097,12,"Kulm",11134.3632315,-286121.096105294,2562086.45492935
664,2098,12,"Kulm",11134.3632315,-267607.559273529,2562086.45492935
665,2099,12,"Kulm",11134.3632315,-249094.022441765,2562086.45492935
666,2100,12,"Kulm",11134.3632315,-230580.48561,2562086.45492935
667,2101,12,"Kulm",11134.3632315,-212066.948778235,2562086.45492935
668,2102,12,"Kulm",11134.3632315,-193553.41194647,2562086.45492935
669,2103,12,"Kulm",11134.3632315,-175039.875114706,2562086.45492935
670,2104,12,"Kulm",11134.3632315,-156526.338282941,2562086.45492935
671,3204,13,"Lake Andes",20780.8523136,-249094.022441765,2321778.7108837
672,3205,13,"Lake Andes",20780.8523136,-230580.48561,2321778.7108837
673,3206,13,"Lake Andes",20780.8523136,-212066.948778235,2321778.7108837
674,3207,13,"Lake Andes",20780.8523136,-193553.41194647,2321778.7108837
675,3288,13,"Lake Andes",20780.8523136,-267607.559273529,2303293.49980326
676,3289,13,"Lake Andes",20780.8523136,-249094.022441765,2303293.49980326
677,3290,13,"Lake Andes",20780.8523136,-230580.48561,2303293.49980326
678,3291,13,"Lake Andes",20780.8523136,-212066.948778235,2303293.49980326
679,3292,13,"Lake Andes",20780.8523136,-193553.41194647,2303293.49980326
680,3293,13,"Lake Andes",20780.8523136,-175039.875114706,2303293.49980326
681,3294,13,"Lake Andes",20780.8523136,-156526.338282941,2303293.49980326
682,3295,13,"Lake Andes",20780.8523136,-138012.801451176,2303293.49980326
683,3374,13,"Lake Andes",20780.8523136,-249094.022441765,2284808.28872283
684,3375,13,"Lake Andes",20780.8523136,-230580.48561,2284808.28872283
685,3376,13,"Lake Andes",20780.8523136,-212066.948778235,2284808.28872283
686,3377,13,"Lake Andes",20780.8523136,-193553.41194647,2284808.28872283
687,3378,13,"Lake Andes",20780.8523136,-175039.875114706,2284808.28872283
688,3379,13,"Lake Andes",20780.8523136,-156526.338282941,2284808.28872283
689,3380,13,"Lake Andes",20780.8523136,-138012.801451176,2284808.28872283
690,3459,13,"Lake Andes",20780.8523136,-249094.022441765,2266323.07764239
691,3460,13,"Lake Andes",20780.8523136,-230580.48561,2266323.07764239
692,3461,13,"Lake Andes",20780.8523136,-212066.948778235,2266323.07764239
693,3462,13,"Lake Andes",20780.8523136,-193553.41194647,2266323.07764239
694,3463,13,"Lake Andes",20780.8523136,-175039.875114706,2266323.07764239
695,3464,13,"Lake Andes",20780.8523136,-156526.338282941,2266323.07764239
696,3465,13,"Lake Andes",20780.8523136,-138012.801451176,2266323.07764239
697,3466,13,"Lake Andes",20780.8523136,-119499.264619412,2266323.07764239
698,3467,13,"Lake Andes",20780.8523136,-100985.727787647,2266323.07764239
699,3468,13,"Lake Andes",20780.8523136,-82472.1909558821,2266323.07764239
700,3469,13,"Lake Andes",20780.8523136,-63958.6541241174,2266323.07764239
701,3470,13,"Lake Andes",20780.8523136,-45445.1172923527,2266323.07764239
702,3545,13,"Lake Andes",20780.8523136,-230580.48561,2247837.86656196
703,3546,13,"Lake Andes",20780.8523136,-212066.948778235,2247837.86656196
704,3547,13,"Lake Andes",20780.8523136,-193553.41194647,2247837.86656196
705,3548,13,"Lake Andes",20780.8523136,-175039.875114706,2247837.86656196
706,3549,13,"Lake Andes",20780.8523136,-156526.338282941,2247837.86656196
707,3550,13,"Lake Andes",20780.8523136,-138012.801451176,2247837.86656196
708,3551,13,"Lake Andes",20780.8523136,-119499.264619412,2247837.86656196
709,3552,13,"Lake Andes",20780.8523136,-100985.727787647,2247837.86656196
710,3553,13,"Lake Andes",20780.8523136,-82472.1909558821,2247837.86656196
711,3554,13,"Lake Andes",20780.8523136,-63958.6541241174,2247837.86656196
712,3555,13,"Lake Andes",20780.8523136,-45445.1172923527,2247837.86656196
713,3632,13,"Lake Andes",20780.8523136,-193553.41194647,2229352.65548152
714,3633,13,"Lake Andes",20780.8523136,-175039.875114706,2229352.65548152
715,3634,13,"Lake Andes",20780.8523136,-156526.338282941,2229352.65548152
716,3635,13,"Lake Andes",20780.8523136,-138012.801451176,2229352.65548152
717,3636,13,"Lake Andes",20780.8523136,-119499.264619412,2229352.65548152
718,3637,13,"Lake Andes",20780.8523136,-100985.727787647,2229352.65548152
719,3638,13,"Lake Andes",20780.8523136,-82472.1909558821,2229352.65548152
720,3639,13,"Lake Andes",20780.8523136,-63958.6541241174,2229352.65548152
721,3640,13,"Lake Andes",20780.8523136,-45445.1172923527,2229352.65548152
722,3718,13,"Lake Andes",20780.8523136,-175039.875114706,2210867.44440109
723,3719,13,"Lake Andes",20780.8523136,-156526.338282941,2210867.44440109
724,3720,13,"Lake Andes",20780.8523136,-138012.801451176,2210867.44440109
725,3721,13,"Lake Andes",20780.8523136,-119499.264619412,2210867.44440109
726,3722,13,"Lake Andes",20780.8523136,-100985.727787647,2210867.44440109
727,3723,13,"Lake Andes",20780.8523136,-82472.1909558821,2210867.44440109
728,3724,13,"Lake Andes",20780.8523136,-63958.6541241174,2210867.44440109
729,3725,13,"Lake Andes",20780.8523136,-45445.1172923527,2210867.44440109
730,3809,13,"Lake Andes",20780.8523136,-63958.6541241174,2192382.23332065
731,3895,13,"Lake Andes",20780.8523136,-45445.1172923527,2173897.02224022
732,2287,14,"Litchfield",11278.6584305,84149.6405300004,2525116.03276848
733,2372,14,"Litchfield",11278.6584305,84149.6405300004,2506630.82168804
734,2456,14,"Litchfield",11278.6584305,65636.1036982356,2488145.61060761
735,2457,14,"Litchfield",11278.6584305,84149.6405300004,2488145.61060761
736,2541,14,"Litchfield",11278.6584305,65636.1036982356,2469660.39952717
737,2542,14,"Litchfield",11278.6584305,84149.6405300004,2469660.39952717
738,2543,14,"Litchfield",11278.6584305,102663.177361765,2469660.39952717
739,2623,14,"Litchfield",11278.6584305,10095.4932029415,2451175.18844674
740,2624,14,"Litchfield",11278.6584305,28609.0300347062,2451175.18844674
741,2625,14,"Litchfield",11278.6584305,47122.5668664709,2451175.18844674
742,2626,14,"Litchfield",11278.6584305,65636.1036982356,2451175.18844674
743,2627,14,"Litchfield",11278.6584305,84149.6405300004,2451175.18844674
744,2628,14,"Litchfield",11278.6584305,102663.177361765,2451175.18844674
745,2709,14,"Litchfield",11278.6584305,28609.0300347062,2432689.9773663
746,2710,14,"Litchfield",11278.6584305,47122.5668664709,2432689.9773663
747,2711,14,"Litchfield",11278.6584305,65636.1036982356,2432689.9773663
748,2712,14,"Litchfield",11278.6584305,84149.6405300004,2432689.9773663
749,2713,14,"Litchfield",11278.6584305,102663.177361765,2432689.9773663
750,2714,14,"Litchfield",11278.6584305,121176.71419353,2432689.9773663
751,2796,14,"Litchfield",11278.6584305,65636.1036982356,2414204.76628587
752,2797,14,"Litchfield",11278.6584305,84149.6405300004,2414204.76628587
753,2798,14,"Litchfield",11278.6584305,102663.177361765,2414204.76628587
754,2799,14,"Litchfield",11278.6584305,121176.71419353,2414204.76628587
755,2882,14,"Litchfield",11278.6584305,84149.6405300004,2395719.55520543
756,2883,14,"Litchfield",11278.6584305,102663.177361765,2395719.55520543
757,2884,14,"Litchfield",11278.6584305,121176.71419353,2395719.55520543
758,2885,14,"Litchfield",11278.6584305,139690.251025295,2395719.55520543
759,2969,14,"Litchfield",11278.6584305,121176.71419353,2377234.344125
760,2970,14,"Litchfield",11278.6584305,139690.251025295,2377234.344125
761,2971,14,"Litchfield",11278.6584305,158203.787857059,2377234.344125
762,1413,15,"Long Lake",12059.585018,-360175.243432353,2709968.14357283
763,1414,15,"Long Lake",12059.585018,-341661.706600588,2709968.14357283
764,1415,15,"Long Lake",12059.585018,-323148.169768824,2709968.14357283
765,1416,15,"Long Lake",12059.585018,-304634.632937059,2709968.14357283
766,1498,15,"Long Lake",12059.585018,-360175.243432353,2691482.93249239
767,1499,15,"Long Lake",12059.585018,-341661.706600588,2691482.93249239
768,1500,15,"Long Lake",12059.585018,-323148.169768824,2691482.93249239
769,1501,15,"Long Lake",12059.585018,-304634.632937059,2691482.93249239
770,1502,15,"Long Lake",12059.585018,-286121.096105294,2691482.93249239
771,1503,15,"Long Lake",12059.585018,-267607.559273529,2691482.93249239
772,1583,15,"Long Lake",12059.585018,-360175.243432353,2672997.72141196
773,1584,15,"Long Lake",12059.585018,-341661.706600588,2672997.72141196
774,1585,15,"Long Lake",12059.585018,-323148.169768824,2672997.72141196
775,1586,15,"Long Lake",12059.585018,-304634.632937059,2672997.72141196
776,1587,15,"Long Lake",12059.585018,-286121.096105294,2672997.72141196
777,1588,15,"Long Lake",12059.585018,-267607.559273529,2672997.72141196
778,1668,15,"Long Lake",12059.585018,-360175.243432353,2654512.51033152
779,1669,15,"Long Lake",12059.585018,-341661.706600588,2654512.51033152
780,1670,15,"Long Lake",12059.585018,-323148.169768824,2654512.51033152
781,1671,15,"Long Lake",12059.585018,-304634.632937059,2654512.51033152
782,1672,15,"Long Lake",12059.585018,-286121.096105294,2654512.51033152
783,1673,15,"Long Lake",12059.585018,-267607.559273529,2654512.51033152
784,1754,15,"Long Lake",12059.585018,-341661.706600588,2636027.29925109
785,1755,15,"Long Lake",12059.585018,-323148.169768824,2636027.29925109
786,1756,15,"Long Lake",12059.585018,-304634.632937059,2636027.29925109
787,1757,15,"Long Lake",12059.585018,-286121.096105294,2636027.29925109
788,1758,15,"Long Lake",12059.585018,-267607.559273529,2636027.29925109
789,1839,15,"Long Lake",12059.585018,-341661.706600588,2617542.08817065
790,1840,15,"Long Lake",12059.585018,-323148.169768824,2617542.08817065
791,1841,15,"Long Lake",12059.585018,-304634.632937059,2617542.08817065
792,1924,15,"Long Lake",12059.585018,-341661.706600588,2599056.87709022
793,1925,15,"Long Lake",12059.585018,-323148.169768824,2599056.87709022
794,1926,15,"Long Lake",12059.585018,-304634.632937059,2599056.87709022
795,2009,15,"Long Lake",12059.585018,-341661.706600588,2580571.66600978
796,2010,15,"Long Lake",12059.585018,-323148.169768824,2580571.66600978
797,2011,15,"Long Lake",12059.585018,-304634.632937059,2580571.66600978
798,2094,15,"Long Lake",12059.585018,-341661.706600588,2562086.45492935
799,2095,15,"Long Lake",12059.585018,-323148.169768824,2562086.45492935
800,2096,15,"Long Lake",12059.585018,-304634.632937059,2562086.45492935
801,2704,16,"Madison",15286.1446409,-63958.6541241174,2432689.9773663
802,2705,16,"Madison",15286.1446409,-45445.1172923527,2432689.9773663
803,2787,16,"Madison",15286.1446409,-100985.727787647,2414204.76628587
804,2788,16,"Madison",15286.1446409,-82472.1909558821,2414204.76628587
805,2789,16,"Madison",15286.1446409,-63958.6541241174,2414204.76628587
806,2790,16,"Madison",15286.1446409,-45445.1172923527,2414204.76628587
807,2870,16,"Madison",15286.1446409,-138012.801451176,2395719.55520543
808,2871,16,"Madison",15286.1446409,-119499.264619412,2395719.55520543
809,2872,16,"Madison",15286.1446409,-100985.727787647,2395719.55520543
810,2873,16,"Madison",15286.1446409,-82472.1909558821,2395719.55520543
811,2874,16,"Madison",15286.1446409,-63958.6541241174,2395719.55520543
812,2875,16,"Madison",15286.1446409,-45445.1172923527,2395719.55520543
813,2955,16,"Madison",15286.1446409,-138012.801451176,2377234.344125
814,2956,16,"Madison",15286.1446409,-119499.264619412,2377234.344125
815,2957,16,"Madison",15286.1446409,-100985.727787647,2377234.344125
816,2958,16,"Madison",15286.1446409,-82472.1909558821,2377234.344125
817,2959,16,"Madison",15286.1446409,-63958.6541241174,2377234.344125
818,2960,16,"Madison",15286.1446409,-45445.1172923527,2377234.344125
819,3040,16,"Madison",15286.1446409,-138012.801451176,2358749.13304457
820,3041,16,"Madison",15286.1446409,-119499.264619412,2358749.13304457
821,3042,16,"Madison",15286.1446409,-100985.727787647,2358749.13304457
822,3043,16,"Madison",15286.1446409,-82472.1909558821,2358749.13304457
823,3044,16,"Madison",15286.1446409,-63958.6541241174,2358749.13304457
824,3045,16,"Madison",15286.1446409,-45445.1172923527,2358749.13304457
825,3125,16,"Madison",15286.1446409,-138012.801451176,2340263.92196413
826,3126,16,"Madison",15286.1446409,-119499.264619412,2340263.92196413
827,3127,16,"Madison",15286.1446409,-100985.727787647,2340263.92196413
828,3128,16,"Madison",15286.1446409,-82472.1909558821,2340263.92196413
829,3129,16,"Madison",15286.1446409,-63958.6541241174,2340263.92196413
830,3130,16,"Madison",15286.1446409,-45445.1172923527,2340263.92196413
831,3210,16,"Madison",15286.1446409,-138012.801451176,2321778.7108837
832,3211,16,"Madison",15286.1446409,-119499.264619412,2321778.7108837
833,3212,16,"Madison",15286.1446409,-100985.727787647,2321778.7108837
834,3213,16,"Madison",15286.1446409,-82472.1909558821,2321778.7108837
835,3214,16,"Madison",15286.1446409,-63958.6541241174,2321778.7108837
836,3215,16,"Madison",15286.1446409,-45445.1172923527,2321778.7108837
837,3296,16,"Madison",15286.1446409,-119499.264619412,2303293.49980326
838,3297,16,"Madison",15286.1446409,-100985.727787647,2303293.49980326
839,3298,16,"Madison",15286.1446409,-82472.1909558821,2303293.49980326
840,3299,16,"Madison",15286.1446409,-63958.6541241174,2303293.49980326
841,3300,16,"Madison",15286.1446409,-45445.1172923527,2303293.49980326
842,3381,16,"Madison",15286.1446409,-119499.264619412,2284808.28872283
843,3382,16,"Madison",15286.1446409,-100985.727787647,2284808.28872283
844,3383,16,"Madison",15286.1446409,-82472.1909558821,2284808.28872283
845,3384,16,"Madison",15286.1446409,-63958.6541241174,2284808.28872283
846,3385,16,"Madison",15286.1446409,-45445.1172923527,2284808.28872283
847,2196,17,"Morris",12172.4721418,-26931.580460588,2543601.24384891
848,2280,17,"Morris",12172.4721418,-45445.1172923527,2525116.03276848
849,2281,17,"Morris",12172.4721418,-26931.580460588,2525116.03276848
850,2282,17,"Morris",12172.4721418,-8418.04362882324,2525116.03276848
851,2283,17,"Morris",12172.4721418,10095.4932029415,2525116.03276848
852,2284,17,"Morris",12172.4721418,28609.0300347062,2525116.03276848
853,2285,17,"Morris",12172.4721418,47122.5668664709,2525116.03276848
854,2286,17,"Morris",12172.4721418,65636.1036982356,2525116.03276848
855,2365,17,"Morris",12172.4721418,-45445.1172923527,2506630.82168804
856,2366,17,"Morris",12172.4721418,-26931.580460588,2506630.82168804
857,2367,17,"Morris",12172.4721418,-8418.04362882324,2506630.82168804
858,2368,17,"Morris",12172.4721418,10095.4932029415,2506630.82168804
859,2369,17,"Morris",12172.4721418,28609.0300347062,2506630.82168804
860,2370,17,"Morris",12172.4721418,47122.5668664709,2506630.82168804
861,2371,17,"Morris",12172.4721418,65636.1036982356,2506630.82168804
862,2451,17,"Morris",12172.4721418,-26931.580460588,2488145.61060761
863,2452,17,"Morris",12172.4721418,-8418.04362882324,2488145.61060761
864,2453,17,"Morris",12172.4721418,10095.4932029415,2488145.61060761
865,2454,17,"Morris",12172.4721418,28609.0300347062,2488145.61060761
866,2455,17,"Morris",12172.4721418,47122.5668664709,2488145.61060761
867,2536,17,"Morris",12172.4721418,-26931.580460588,2469660.39952717
868,2537,17,"Morris",12172.4721418,-8418.04362882324,2469660.39952717
869,2538,17,"Morris",12172.4721418,10095.4932029415,2469660.39952717
870,2539,17,"Morris",12172.4721418,28609.0300347062,2469660.39952717
871,2540,17,"Morris",12172.4721418,47122.5668664709,2469660.39952717
872,2621,17,"Morris",12172.4721418,-26931.580460588,2451175.18844674
873,2622,17,"Morris",12172.4721418,-8418.04362882324,2451175.18844674
874,2706,17,"Morris",12172.4721418,-26931.580460588,2432689.9773663
875,2707,17,"Morris",12172.4721418,-8418.04362882324,2432689.9773663
876,2708,17,"Morris",12172.4721418,10095.4932029415,2432689.9773663
877,2791,17,"Morris",12172.4721418,-26931.580460588,2414204.76628587
878,2792,17,"Morris",12172.4721418,-8418.04362882324,2414204.76628587
879,2793,17,"Morris",12172.4721418,10095.4932029415,2414204.76628587
880,2794,17,"Morris",12172.4721418,28609.0300347062,2414204.76628587
881,2795,17,"Morris",12172.4721418,47122.5668664709,2414204.76628587
882,2880,17,"Morris",12172.4721418,47122.5668664709,2395719.55520543
883,457,18,"Northeast Montana",14250.3145563,-748959.516899412,2913305.46545761
884,458,18,"Northeast Montana",14250.3145563,-730445.980067647,2913305.46545761
885,459,18,"Northeast Montana",14250.3145563,-711932.443235883,2913305.46545761
886,460,18,"Northeast Montana",14250.3145563,-693418.906404118,2913305.46545761
887,461,18,"Northeast Montana",14250.3145563,-674905.369572353,2913305.46545761
888,462,18,"Northeast Montana",14250.3145563,-656391.832740589,2913305.46545761
889,463,18,"Northeast Montana",14250.3145563,-637878.295908824,2913305.46545761
890,464,18,"Northeast Montana",14250.3145563,-619364.759077059,2913305.46545761
891,465,18,"Northeast Montana",14250.3145563,-600851.222245294,2913305.46545761
892,543,18,"Northeast Montana",14250.3145563,-730445.980067647,2894820.25437717
893,544,18,"Northeast Montana",14250.3145563,-711932.443235883,2894820.25437717
894,545,18,"Northeast Montana",14250.3145563,-693418.906404118,2894820.25437717
895,546,18,"Northeast Montana",14250.3145563,-674905.369572353,2894820.25437717
896,547,18,"Northeast Montana",14250.3145563,-656391.832740589,2894820.25437717
897,548,18,"Northeast Montana",14250.3145563,-637878.295908824,2894820.25437717
898,549,18,"Northeast Montana",14250.3145563,-619364.759077059,2894820.25437717
899,550,18,"Northeast Montana",14250.3145563,-600851.222245294,2894820.25437717
900,629,18,"Northeast Montana",14250.3145563,-711932.443235883,2876335.04329674
901,630,18,"Northeast Montana",14250.3145563,-693418.906404118,2876335.04329674
902,631,18,"Northeast Montana",14250.3145563,-674905.369572353,2876335.04329674
903,632,18,"Northeast Montana",14250.3145563,-656391.832740589,2876335.04329674
904,633,18,"Northeast Montana",14250.3145563,-637878.295908824,2876335.04329674
905,634,18,"Northeast Montana",14250.3145563,-619364.759077059,2876335.04329674
906,635,18,"Northeast Montana",14250.3145563,-600851.222245294,2876335.04329674
907,713,18,"Northeast Montana",14250.3145563,-730445.980067647,2857849.8322163
908,714,18,"Northeast Montana",14250.3145563,-711932.443235883,2857849.8322163
909,715,18,"Northeast Montana",14250.3145563,-693418.906404118,2857849.8322163
910,716,18,"Northeast Montana",14250.3145563,-674905.369572353,2857849.8322163
911,717,18,"Northeast Montana",14250.3145563,-656391.832740589,2857849.8322163
912,718,18,"Northeast Montana",14250.3145563,-637878.295908824,2857849.8322163
913,719,18,"Northeast Montana",14250.3145563,-619364.759077059,2857849.8322163
914,720,18,"Northeast Montana",14250.3145563,-600851.222245294,2857849.8322163
915,798,18,"Northeast Montana",14250.3145563,-730445.980067647,2839364.62113587
916,799,18,"Northeast Montana",14250.3145563,-711932.443235883,2839364.62113587
917,800,18,"Northeast Montana",14250.3145563,-693418.906404118,2839364.62113587
918,801,18,"Northeast Montana",14250.3145563,-674905.369572353,2839364.62113587
919,802,18,"Northeast Montana",14250.3145563,-656391.832740589,2839364.62113587
920,803,18,"Northeast Montana",14250.3145563,-637878.295908824,2839364.62113587
921,804,18,"Northeast Montana",14250.3145563,-619364.759077059,2839364.62113587
922,883,18,"Northeast Montana",14250.3145563,-730445.980067647,2820879.41005543
923,886,18,"Northeast Montana",14250.3145563,-674905.369572353,2820879.41005543
924,888,18,"Northeast Montana",14250.3145563,-637878.295908824,2820879.41005543
925,889,18,"Northeast Montana",14250.3145563,-619364.759077059,2820879.41005543
926,663,19,"Roseau",11197.1521178,-82472.1909558821,2876335.04329674
927,664,19,"Roseau",11197.1521178,-63958.6541241174,2876335.04329674
928,665,19,"Roseau",11197.1521178,-45445.1172923527,2876335.04329674
929,666,19,"Roseau",11197.1521178,-26931.580460588,2876335.04329674
930,667,19,"Roseau",11197.1521178,-8418.04362882324,2876335.04329674
931,748,19,"Roseau",11197.1521178,-82472.1909558821,2857849.8322163
932,749,19,"Roseau",11197.1521178,-63958.6541241174,2857849.8322163
933,750,19,"Roseau",11197.1521178,-45445.1172923527,2857849.8322163
934,751,19,"Roseau",11197.1521178,-26931.580460588,2857849.8322163
935,752,19,"Roseau",11197.1521178,-8418.04362882324,2857849.8322163
936,833,19,"Roseau",11197.1521178,-82472.1909558821,2839364.62113587
937,834,19,"Roseau",11197.1521178,-63958.6541241174,2839364.62113587
938,835,19,"Roseau",11197.1521178,-45445.1172923527,2839364.62113587
939,836,19,"Roseau",11197.1521178,-26931.580460588,2839364.62113587
940,837,19,"Roseau",11197.1521178,-8418.04362882324,2839364.62113587
941,838,19,"Roseau",11197.1521178,10095.4932029415,2839364.62113587
942,918,19,"Roseau",11197.1521178,-82472.1909558821,2820879.41005543
943,919,19,"Roseau",11197.1521178,-63958.6541241174,2820879.41005543
944,920,19,"Roseau",11197.1521178,-45445.1172923527,2820879.41005543
945,921,19,"Roseau",11197.1521178,-26931.580460588,2820879.41005543
946,922,19,"Roseau",11197.1521178,-8418.04362882324,2820879.41005543
947,923,19,"Roseau",11197.1521178,10095.4932029415,2820879.41005543
948,1003,19,"Roseau",11197.1521178,-82472.1909558821,2802394.198975
949,1004,19,"Roseau",11197.1521178,-63958.6541241174,2802394.198975
950,1005,19,"Roseau",11197.1521178,-45445.1172923527,2802394.198975
951,1006,19,"Roseau",11197.1521178,-26931.580460588,2802394.198975
952,1007,19,"Roseau",11197.1521178,-8418.04362882324,2802394.198975
953,1008,19,"Roseau",11197.1521178,10095.4932029415,2802394.198975
954,1091,19,"Roseau",11197.1521178,-26931.580460588,2783908.98789456
955,1092,19,"Roseau",11197.1521178,-8418.04362882324,2783908.98789456
956,1093,19,"Roseau",11197.1521178,10095.4932029415,2783908.98789456
957,1094,19,"Roseau",11197.1521178,28609.0300347062,2783908.98789456
958,1176,19,"Roseau",11197.1521178,-26931.580460588,2765423.77681413
959,1177,19,"Roseau",11197.1521178,-8418.04362882324,2765423.77681413
960,1178,19,"Roseau",11197.1521178,10095.4932029415,2765423.77681413
961,2180,20,"Sand Lake",23214.8767249,-323148.169768824,2543601.24384891
962,2181,20,"Sand Lake",23214.8767249,-304634.632937059,2543601.24384891
963,2182,20,"Sand Lake",23214.8767249,-286121.096105294,2543601.24384891
964,2183,20,"Sand Lake",23214.8767249,-267607.559273529,2543601.24384891
965,2184,20,"Sand Lake",23214.8767249,-249094.022441765,2543601.24384891
966,2185,20,"Sand Lake",23214.8767249,-230580.48561,2543601.24384891
967,2186,20,"Sand Lake",23214.8767249,-212066.948778235,2543601.24384891
968,2187,20,"Sand Lake",23214.8767249,-193553.41194647,2543601.24384891
969,2188,20,"Sand Lake",23214.8767249,-175039.875114706,2543601.24384891
970,2189,20,"Sand Lake",23214.8767249,-156526.338282941,2543601.24384891
971,2264,20,"Sand Lake",23214.8767249,-341661.706600588,2525116.03276848
972,2265,20,"Sand Lake",23214.8767249,-323148.169768824,2525116.03276848
973,2266,20,"Sand Lake",23214.8767249,-304634.632937059,2525116.03276848
974,2267,20,"Sand Lake",23214.8767249,-286121.096105294,2525116.03276848
975,2268,20,"Sand Lake",23214.8767249,-267607.559273529,2525116.03276848
976,2269,20,"Sand Lake",23214.8767249,-249094.022441765,2525116.03276848
977,2270,20,"Sand Lake",23214.8767249,-230580.48561,2525116.03276848
978,2271,20,"Sand Lake",23214.8767249,-212066.948778235,2525116.03276848
979,2272,20,"Sand Lake",23214.8767249,-193553.41194647,2525116.03276848
980,2273,20,"Sand Lake",23214.8767249,-175039.875114706,2525116.03276848
981,2274,20,"Sand Lake",23214.8767249,-156526.338282941,2525116.03276848
982,2350,20,"Sand Lake",23214.8767249,-323148.169768824,2506630.82168804
983,2351,20,"Sand Lake",23214.8767249,-304634.632937059,2506630.82168804
984,2352,20,"Sand Lake",23214.8767249,-286121.096105294,2506630.82168804
985,2353,20,"Sand Lake",23214.8767249,-267607.559273529,2506630.82168804
986,2354,20,"Sand Lake",23214.8767249,-249094.022441765,2506630.82168804
987,2355,20,"Sand Lake",23214.8767249,-230580.48561,2506630.82168804
988,2356,20,"Sand Lake",23214.8767249,-212066.948778235,2506630.82168804
989,2357,20,"Sand Lake",23214.8767249,-193553.41194647,2506630.82168804
990,2358,20,"Sand Lake",23214.8767249,-175039.875114706,2506630.82168804
991,2359,20,"Sand Lake",23214.8767249,-156526.338282941,2506630.82168804
992,2435,20,"Sand Lake",23214.8767249,-323148.169768824,2488145.61060761
993,2436,20,"Sand Lake",23214.8767249,-304634.632937059,2488145.61060761
994,2437,20,"Sand Lake",23214.8767249,-286121.096105294,2488145.61060761
995,2438,20,"Sand Lake",23214.8767249,-267607.559273529,2488145.61060761
996,2439,20,"Sand Lake",23214.8767249,-249094.022441765,2488145.61060761
997,2440,20,"Sand Lake",23214.8767249,-230580.48561,2488145.61060761
998,2441,20,"Sand Lake",23214.8767249,-212066.948778235,2488145.61060761
999,2442,20,"Sand Lake",23214.8767249,-193553.41194647,2488145.61060761
1000,2443,20,"Sand Lake",23214.8767249,-175039.875114706,2488145.61060761
1001,2444,20,"Sand Lake",23214.8767249,-156526.338282941,2488145.61060761
1002,2520,20,"Sand Lake",23214.8767249,-323148.169768824,2469660.39952717
1003,2521,20,"Sand Lake",23214.8767249,-304634.632937059,2469660.39952717
1004,2522,20,"Sand Lake",23214.8767249,-286121.096105294,2469660.39952717
1005,2523,20,"Sand Lake",23214.8767249,-267607.559273529,2469660.39952717
1006,2524,20,"Sand Lake",23214.8767249,-249094.022441765,2469660.39952717
1007,2525,20,"Sand Lake",23214.8767249,-230580.48561,2469660.39952717
1008,2526,20,"Sand Lake",23214.8767249,-212066.948778235,2469660.39952717
1009,2527,20,"Sand Lake",23214.8767249,-193553.41194647,2469660.39952717
1010,2528,20,"Sand Lake",23214.8767249,-175039.875114706,2469660.39952717
1011,2529,20,"Sand Lake",23214.8767249,-156526.338282941,2469660.39952717
1012,2604,20,"Sand Lake",23214.8767249,-341661.706600588,2451175.18844674
1013,2605,20,"Sand Lake",23214.8767249,-323148.169768824,2451175.18844674
1014,2606,20,"Sand Lake",23214.8767249,-304634.632937059,2451175.18844674
1015,2607,20,"Sand Lake",23214.8767249,-286121.096105294,2451175.18844674
1016,2608,20,"Sand Lake",23214.8767249,-267607.559273529,2451175.18844674
1017,2609,20,"Sand Lake",23214.8767249,-249094.022441765,2451175.18844674
1018,2610,20,"Sand Lake",23214.8767249,-230580.48561,2451175.18844674
1019,2611,20,"Sand Lake",23214.8767249,-212066.948778235,2451175.18844674
1020,2612,20,"Sand Lake",23214.8767249,-193553.41194647,2451175.18844674
1021,2613,20,"Sand Lake",23214.8767249,-175039.875114706,2451175.18844674
1022,2614,20,"Sand Lake",23214.8767249,-156526.338282941,2451175.18844674
1023,2696,20,"Sand Lake",23214.8767249,-212066.948778235,2432689.9773663
1024,2697,20,"Sand Lake",23214.8767249,-193553.41194647,2432689.9773663
1025,2698,20,"Sand Lake",23214.8767249,-175039.875114706,2432689.9773663
1026,2699,20,"Sand Lake",23214.8767249,-156526.338282941,2432689.9773663
1027,2781,20,"Sand Lake",23214.8767249,-212066.948778235,2414204.76628587
1028,2782,20,"Sand Lake",23214.8767249,-193553.41194647,2414204.76628587
1029,2783,20,"Sand Lake",23214.8767249,-175039.875114706,2414204.76628587
1030,2784,20,"Sand Lake",23214.8767249,-156526.338282941,2414204.76628587
1031,1850,21,"Tewaukon",8226.02163651,-138012.801451176,2617542.08817065
1032,1851,21,"Tewaukon",8226.02163651,-119499.264619412,2617542.08817065
1033,1852,21,"Tewaukon",8226.02163651,-100985.727787647,2617542.08817065
1034,1853,21,"Tewaukon",8226.02163651,-82472.1909558821,2617542.08817065
1035,1854,21,"Tewaukon",8226.02163651,-63958.6541241174,2617542.08817065
1036,1934,21,"Tewaukon",8226.02163651,-156526.338282941,2599056.87709022
1037,1935,21,"Tewaukon",8226.02163651,-138012.801451176,2599056.87709022
1038,1936,21,"Tewaukon",8226.02163651,-119499.264619412,2599056.87709022
1039,1937,21,"Tewaukon",8226.02163651,-100985.727787647,2599056.87709022
1040,1938,21,"Tewaukon",8226.02163651,-82472.1909558821,2599056.87709022
1041,1939,21,"Tewaukon",8226.02163651,-63958.6541241174,2599056.87709022
1042,2020,21,"Tewaukon",8226.02163651,-138012.801451176,2580571.66600978
1043,2021,21,"Tewaukon",8226.02163651,-119499.264619412,2580571.66600978
1044,2022,21,"Tewaukon",8226.02163651,-100985.727787647,2580571.66600978
1045,2023,21,"Tewaukon",8226.02163651,-82472.1909558821,2580571.66600978
1046,2024,21,"Tewaukon",8226.02163651,-63958.6541241174,2580571.66600978
1047,2105,21,"Tewaukon",8226.02163651,-138012.801451176,2562086.45492935
1048,2106,21,"Tewaukon",8226.02163651,-119499.264619412,2562086.45492935
1049,2107,21,"Tewaukon",8226.02163651,-100985.727787647,2562086.45492935
1050,2108,21,"Tewaukon",8226.02163651,-82472.1909558821,2562086.45492935
1051,2109,21,"Tewaukon",8226.02163651,-63958.6541241174,2562086.45492935
1052,2110,21,"Tewaukon",8226.02163651,-45445.1172923527,2562086.45492935
1053,1338,22,"Valley City",14441.0645055,-175039.875114706,2728453.35465326
1054,1339,22,"Valley City",14441.0645055,-156526.338282941,2728453.35465326
1055,1340,22,"Valley City",14441.0645055,-138012.801451176,2728453.35465326
1056,1341,22,"Valley City",14441.0645055,-119499.264619412,2728453.35465326
1057,1342,22,"Valley City",14441.0645055,-100985.727787647,2728453.35465326
1058,1343,22,"Valley City",14441.0645055,-82472.1909558821,2728453.35465326
1059,1423,22,"Valley City",14441.0645055,-175039.875114706,2709968.14357283
1060,1424,22,"Valley City",14441.0645055,-156526.338282941,2709968.14357283
1061,1425,22,"Valley City",14441.0645055,-138012.801451176,2709968.14357283
1062,1426,22,"Valley City",14441.0645055,-119499.264619412,2709968.14357283
1063,1427,22,"Valley City",14441.0645055,-100985.727787647,2709968.14357283
1064,1428,22,"Valley City",14441.0645055,-82472.1909558821,2709968.14357283
1065,1508,22,"Valley City",14441.0645055,-175039.875114706,2691482.93249239
1066,1509,22,"Valley City",14441.0645055,-156526.338282941,2691482.93249239
1067,1510,22,"Valley City",14441.0645055,-138012.801451176,2691482.93249239
1068,1511,22,"Valley City",14441.0645055,-119499.264619412,2691482.93249239
1069,1512,22,"Valley City",14441.0645055,-100985.727787647,2691482.93249239
1070,1513,22,"Valley City",14441.0645055,-82472.1909558821,2691482.93249239
1071,1514,22,"Valley City",14441.0645055,-63958.6541241174,2691482.93249239
1072,1593,22,"Valley City",14441.0645055,-175039.875114706,2672997.72141196
1073,1594,22,"Valley City",14441.0645055,-156526.338282941,2672997.72141196
1074,1595,22,"Valley City",14441.0645055,-138012.801451176,2672997.72141196
1075,1596,22,"Valley City",14441.0645055,-119499.264619412,2672997.72141196
1076,1597,22,"Valley City",14441.0645055,-100985.727787647,2672997.72141196
1077,1598,22,"Valley City",14441.0645055,-82472.1909558821,2672997.72141196
1078,1599,22,"Valley City",14441.0645055,-63958.6541241174,2672997.72141196
1079,1678,22,"Valley City",14441.0645055,-175039.875114706,2654512.51033152
1080,1679,22,"Valley City",14441.0645055,-156526.338282941,2654512.51033152
1081,1680,22,"Valley City",14441.0645055,-138012.801451176,2654512.51033152
1082,1681,22,"Valley City",14441.0645055,-119499.264619412,2654512.51033152
1083,1682,22,"Valley City",14441.0645055,-100985.727787647,2654512.51033152
1084,1683,22,"Valley City",14441.0645055,-82472.1909558821,2654512.51033152
1085,1684,22,"Valley City",14441.0645055,-63958.6541241174,2654512.51033152
1086,1763,22,"Valley City",14441.0645055,-175039.875114706,2636027.29925109
1087,1764,22,"Valley City",14441.0645055,-156526.338282941,2636027.29925109
1088,1765,22,"Valley City",14441.0645055,-138012.801451176,2636027.29925109
1089,1766,22,"Valley City",14441.0645055,-119499.264619412,2636027.29925109
1090,1767,22,"Valley City",14441.0645055,-100985.727787647,2636027.29925109
1091,1768,22,"Valley City",14441.0645055,-82472.1909558821,2636027.29925109
1092,1769,22,"Valley City",14441.0645055,-63958.6541241174,2636027.29925109
1093,2190,23,"Waubay",14206.8289554,-138012.801451176,2543601.24384891
1094,2191,23,"Waubay",14206.8289554,-119499.264619412,2543601.24384891
1095,2192,23,"Waubay",14206.8289554,-100985.727787647,2543601.24384891
1096,2193,23,"Waubay",14206.8289554,-82472.1909558821,2543601.24384891
1097,2194,23,"Waubay",14206.8289554,-63958.6541241174,2543601.24384891
1098,2195,23,"Waubay",14206.8289554,-45445.1172923527,2543601.24384891
1099,2275,23,"Waubay",14206.8289554,-138012.801451176,2525116.03276848
1100,2276,23,"Waubay",14206.8289554,-119499.264619412,2525116.03276848
1101,2277,23,"Waubay",14206.8289554,-100985.727787647,2525116.03276848
1102,2278,23,"Waubay",14206.8289554,-82472.1909558821,2525116.03276848
1103,2279,23,"Waubay",14206.8289554,-63958.6541241174,2525116.03276848
1104,2360,23,"Waubay",14206.8289554,-138012.801451176,2506630.82168804
1105,2361,23,"Waubay",14206.8289554,-119499.264619412,2506630.82168804
1106,2362,23,"Waubay",14206.8289554,-100985.727787647,2506630.82168804
1107,2363,23,"Waubay",14206.8289554,-82472.1909558821,2506630.82168804
1108,2364,23,"Waubay",14206.8289554,-63958.6541241174,2506630.82168804
1109,2445,23,"Waubay",14206.8289554,-138012.801451176,2488145.61060761
1110,2446,23,"Waubay",14206.8289554,-119499.264619412,2488145.61060761
1111,2447,23,"Waubay",14206.8289554,-100985.727787647,2488145.61060761
1112,2448,23,"Waubay",14206.8289554,-82472.1909558821,2488145.61060761
1113,2449,23,"Waubay",14206.8289554,-63958.6541241174,2488145.61060761
1114,2450,23,"Waubay",14206.8289554,-45445.1172923527,2488145.61060761
1115,2530,23,"Waubay",14206.8289554,-138012.801451176,2469660.39952717
1116,2531,23,"Waubay",14206.8289554,-119499.264619412,2469660.39952717
1117,2532,23,"Waubay",14206.8289554,-100985.727787647,2469660.39952717
1118,2533,23,"Waubay",14206.8289554,-82472.1909558821,2469660.39952717
1119,2534,23,"Waubay",14206.8289554,-63958.6541241174,2469660.39952717
1120,2535,23,"Waubay",14206.8289554,-45445.1172923527,2469660.39952717
1121,2615,23,"Waubay",14206.8289554,-138012.801451176,2451175.18844674
1122,2616,23,"Waubay",14206.8289554,-119499.264619412,2451175.18844674
1123,2617,23,"Waubay",14206.8289554,-100985.727787647,2451175.18844674
1124,2618,23,"Waubay",14206.8289554,-82472.1909558821,2451175.18844674
1125,2619,23,"Waubay",14206.8289554,-63958.6541241174,2451175.18844674
1126,2620,23,"Waubay",14206.8289554,-45445.1172923527,2451175.18844674
1127,2700,23,"Waubay",14206.8289554,-138012.801451176,2432689.9773663
1128,2701,23,"Waubay",14206.8289554,-119499.264619412,2432689.9773663
1129,2702,23,"Waubay",14206.8289554,-100985.727787647,2432689.9773663
1130,2703,23,"Waubay",14206.8289554,-82472.1909558821,2432689.9773663
1131,2785,23,"Waubay",14206.8289554,-138012.801451176,2414204.76628587
1132,2786,23,"Waubay",14206.8289554,-119499.264619412,2414204.76628587
1133,2876,24,"Windom",25811.1608365,-26931.580460588,2395719.55520543
1134,2877,24,"Windom",25811.1608365,-8418.04362882324,2395719.55520543
1135,2878,24,"Windom",25811.1608365,10095.4932029415,2395719.55520543
1136,2879,24,"Windom",25811.1608365,28609.0300347062,2395719.55520543
1137,2881,24,"Windom",25811.1608365,65636.1036982356,2395719.55520543
1138,2961,24,"Windom",25811.1608365,-26931.580460588,2377234.344125
1139,2962,24,"Windom",25811.1608365,-8418.04362882324,2377234.344125
1140,2963,24,"Windom",25811.1608365,10095.4932029415,2377234.344125
1141,2964,24,"Windom",25811.1608365,28609.0300347062,2377234.344125
1142,2965,24,"Windom",25811.1608365,47122.5668664709,2377234.344125
1143,2966,24,"Windom",25811.1608365,65636.1036982356,2377234.344125
1144,2967,24,"Windom",25811.1608365,84149.6405300004,2377234.344125
1145,2968,24,"Windom",25811.1608365,102663.177361765,2377234.344125
1146,3046,24,"Windom",25811.1608365,-26931.580460588,2358749.13304457
1147,3047,24,"Windom",25811.1608365,-8418.04362882324,2358749.13304457
1148,3048,24,"Windom",25811.1608365,10095.4932029415,2358749.13304457
1149,3049,24,"Windom",25811.1608365,28609.0300347062,2358749.13304457
1150,3050,24,"Windom",25811.1608365,47122.5668664709,2358749.13304457
1151,3051,24,"Windom",25811.1608365,65636.1036982356,2358749.13304457
1152,3052,24,"Windom",25811.1608365,84149.6405300004,2358749.13304457
1153,3053,24,"Windom",25811.1608365,102663.177361765,2358749.13304457
1154,3054,24,"Windom",25811.1608365,121176.71419353,2358749.13304457
1155,3055,24,"Windom",25811.1608365,139690.251025295,2358749.13304457
1156,3056,24,"Windom",25811.1608365,158203.787857059,2358749.13304457
1157,3131,24,"Windom",25811.1608365,-26931.580460588,2340263.92196413
1158,3132,24,"Windom",25811.1608365,-8418.04362882324,2340263.92196413
1159,3133,24,"Windom",25811.1608365,10095.4932029415,2340263.92196413
1160,3134,24,"Windom",25811.1608365,28609.0300347062,2340263.92196413
1161,3135,24,"Windom",25811.1608365,47122.5668664709,2340263.92196413
1162,3136,24,"Windom",25811.1608365,65636.1036982356,2340263.92196413
1163,3137,24,"Windom",25811.1608365,84149.6405300004,2340263.92196413
1164,3138,24,"Windom",25811.1608365,102663.177361765,2340263.92196413
1165,3139,24,"Windom",25811.1608365,121176.71419353,2340263.92196413
1166,3140,24,"Windom",25811.1608365,139690.251025295,2340263.92196413
1167,3141,24,"Windom",25811.1608365,158203.787857059,2340263.92196413
1168,3142,24,"Windom",25811.1608365,176717.324688824,2340263.92196413
1169,3216,24,"Windom",25811.1608365,-26931.580460588,2321778.7108837
1170,3217,24,"Windom",25811.1608365,-8418.04362882324,2321778.7108837
1171,3218,24,"Windom",25811.1608365,10095.4932029415,2321778.7108837
1172,3219,24,"Windom",25811.1608365,28609.0300347062,2321778.7108837
1173,3220,24,"Windom",25811.1608365,47122.5668664709,2321778.7108837
1174,3221,24,"Windom",25811.1608365,65636.1036982356,2321778.7108837
1175,3222,24,"Windom",25811.1608365,84149.6405300004,2321778.7108837
1176,3223,24,"Windom",25811.1608365,102663.177361765,2321778.7108837
1177,3224,24,"Windom",25811.1608365,121176.71419353,2321778.7108837
1178,3225,24,"Windom",25811.1608365,139690.251025295,2321778.7108837
1179,3226,24,"Windom",25811.1608365,158203.787857059,2321778.7108837
1180,3227,24,"Windom",25811.1608365,176717.324688824,2321778.7108837
1181,3228,24,"Windom",25811.1608365,195230.861520589,2321778.7108837
1182,3301,24,"Windom",25811.1608365,-26931.580460588,2303293.49980326
1183,3302,24,"Windom",25811.1608365,-8418.04362882324,2303293.49980326
1184,3303,24,"Windom",25811.1608365,10095.4932029415,2303293.49980326
1185,3304,24,"Windom",25811.1608365,28609.0300347062,2303293.49980326
1186,3305,24,"Windom",25811.1608365,47122.5668664709,2303293.49980326
1187,3306,24,"Windom",25811.1608365,65636.1036982356,2303293.49980326
1188,3307,24,"Windom",25811.1608365,84149.6405300004,2303293.49980326
1189,3308,24,"Windom",25811.1608365,102663.177361765,2303293.49980326
1190,3309,24,"Windom",25811.1608365,121176.71419353,2303293.49980326
1191,3310,24,"Windom",25811.1608365,139690.251025295,2303293.49980326
1192,3311,24,"Windom",25811.1608365,158203.787857059,2303293.49980326
1193,3312,24,"Windom",25811.1608365,176717.324688824,2303293.49980326
1194,3313,24,"Windom",25811.1608365,195230.861520589,2303293.49980326
1195,3314,24,"Windom",25811.1608365,213744.398352353,2303293.49980326
1196,3386,24,"Windom",25811.1608365,-26931.580460588,2284808.28872283
1197,3387,24,"Windom",25811.1608365,-8418.04362882324,2284808.28872283
1198,3388,24,"Windom",25811.1608365,10095.4932029415,2284808.28872283
1199,3389,24,"Windom",25811.1608365,28609.0300347062,2284808.28872283
1200,3390,24,"Windom",25811.1608365,47122.5668664709,2284808.28872283
1201,3391,24,"Windom",25811.1608365,65636.1036982356,2284808.28872283
1202,3392,24,"Windom",25811.1608365,84149.6405300004,2284808.28872283
1203,3393,24,"Windom",25811.1608365,102663.177361765,2284808.28872283
1204,3394,24,"Windom",25811.1608365,121176.71419353,2284808.28872283
1205,3395,24,"Windom",25811.1608365,139690.251025295,2284808.28872283
1206,3396,24,"Windom",25811.1608365,158203.787857059,2284808.28872283
1207,3397,24,"Windom",25811.1608365,176717.324688824,2284808.28872283
1208,3398,24,"Windom",25811.1608365,195230.861520589,2284808.28872283
1209,3399,24,"Windom",25811.1608365,213744.398352353,2284808.28872283
1210,3400,24,"Windom",25811.1608365,232257.935184118,2284808.28872283
